# a_ij = Z_ij / X_j. An EMPTY cell means the coefficient could not be computed (zero output), which is not the same as a coefficient of zero.
A01,A02,A03,B05,B06 & B07,B08,B09,C101,C102_3,C104,C105,C106,C107,C108,C109,C1101T1106 & C12,C1107,C13,C14,C15,C16,C17,C18,C19,C203,C204,C205,C20A,C20B,C20C,C21,C22,C235_6,C23OTHER,C241T243,C244_5,C25,C26,C27,C28,C29,C301,C303,C30OTHER,C31,C32,C3315,C3316,C33OTHER,D351,D352_3,E36,E37,E38,E39,F41, F42  & F43,G45,G46,G47,H491_2,H493T495,H50,H51,H52,H53,I55,I561,I562,I563,J58,J59 & J60,J61,J62,J63,K64,K65.1-2 & K65.3,K66,L683,L68A,L68BXL683,M691,M692,M70,M71,M72,M73,M74,M75,N77,N78,N79,N80,N81,N82,O84,P85,Q86,Q87 & Q88,R90,R91,R92,R93,S94,S95,S96,T97
0.18256267,0.00899928,0.00003693,0.00049912,0.00016593,0.00035201,0.00045592,0.24308468,0.06455158,0.00025601,0.39764482,0.01493268,0.00016663,0.00016238,0.12195666,0.04632880,0.00019679,0.00015114,0.00006507,0.00701108,0.00017626,0.00117140,0.00010986,0.00007234,0.00022150,0.00008644,0.00009503,0.00015568,0.00660926,0.00011568,0.00303232,0.00014891,0.00048367,0.00010226,0.00013933,0.00008225,0.00014958,0.00011362,0.00014598,0.00013373,0.00004502,0.00011580,0.00013363,0.00042786,0.00053035,0.00015618,0.00005026,0.00009876,0.00015724,0.00009639,0.00038926,0.00017390,0.00005263,0.00031040,0.00066317,0.00055505,0.00014320,0.00034765,0.00030558,0.00064330,0.00054367,0.00018857,0.00054655,0.00025875,0.00018480,0.00261418,0.00032022,0.00032022,0.00032022,0.00011499,0.00023077,0.00012080,0.00022355,0.00010423,0.00018344,0.00015049,0.00008317,0.00018394,0.00013753,0.00031605,0.00019871,0.00011535,0.00023406,0.00124582,0.00030547,0.00036547,0.00105246,0.00004244,0.00024807,0.00013859,0.00092434,0.00005919,0.00011436,0.00025351,0.00020461,0.00015417,0.00031656,0.00066391,0.00017972,0.00015354,0.00241512,0.00028491,0.00015723,0.00047342,0.00009909,0.00000000
0.00703563,0.18384325,0.00000458,0.00000890,0.00000274,0.00000784,0.00000684,0.00000457,0.00000675,0.00000573,0.00000933,0.00000477,0.00000444,0.00000400,0.00000489,0.00000874,0.00000523,0.00000451,0.00000449,0.00000435,0.02349654,0.00836497,0.00000436,0.00000072,0.00000372,0.00000328,0.00000413,0.00037750,0.00000438,0.00000500,0.00000451,0.00000382,0.00000501,0.00000449,0.00000772,0.00000298,0.00000536,0.00000345,0.00000421,0.00000406,0.00003031,0.00000597,0.00000354,0.00000446,0.00052082,0.00000394,0.00000257,0.00000484,0.00000489,0.00381785,0.00000100,0.00000244,0.00000172,0.00000712,0.00002610,0.00000636,0.00000365,0.00000645,0.00000611,0.00004075,0.00000562,0.00001150,0.00002780,0.00000803,0.00000614,0.00001367,0.00000696,0.00000696,0.00000696,0.00000392,0.00000686,0.00000483,0.00001043,0.00000328,0.00000361,0.00000247,0.00000378,0.00000670,0.00000134,0.00006767,0.00000619,0.00000331,0.00000730,0.00000530,0.00000453,0.00000508,0.00000645,0.00000282,0.00001163,0.00000371,0.00002942,0.00000222,0.00000526,0.00000525,0.00000516,0.00000587,0.00000491,0.00000606,0.00000338,0.00001052,0.00000886,0.00003404,0.00000403,0.00037404,0.00000326,0.00000000
0.00000280,0.00000302,0.00002072,0.00000707,0.00000226,0.00001197,0.00000544,0.00000154,0.12072102,0.00000188,0.00000645,0.00000171,0.00000176,0.00000148,0.00000143,0.00000712,0.00000188,0.00000101,0.00000090,0.00000189,0.00000245,0.00000307,0.00000203,0.00000112,0.00000064,0.00000088,0.00000110,0.00000103,0.00000155,0.00000175,0.00000252,0.00000254,0.00000273,0.00000291,0.00000355,0.00000110,0.00000330,0.00000227,0.00000129,0.00000088,0.00000131,0.00000359,0.00000178,0.00000927,0.00000246,0.00000111,0.00000110,0.00000358,0.00000312,0.00000063,0.00000104,0.00000227,0.00000162,0.00000666,0.00002441,0.00000441,0.00000433,0.00000692,0.00000886,0.00003589,0.00000508,0.00007613,0.00002547,0.00000918,0.00000554,0.00001305,0.00000668,0.00000668,0.00000668,0.00000279,0.00000969,0.00000619,0.00001339,0.00000374,0.00000496,0.00000350,0.00000468,0.00000835,0.00000115,0.00000960,0.00000969,0.00000378,0.00000718,0.00000569,0.00011717,0.00000754,0.00000686,0.00000247,0.00001045,0.00000423,0.00005374,0.00000169,0.00000452,0.00000582,0.00000630,0.00000673,0.00000464,0.00000531,0.00000356,0.00001558,0.00001343,0.00006060,0.00000391,0.00000337,0.00000412,0.00000000
0.00000004,0.00000006,0.00000001,0.00000008,0.00000004,0.00000000,0.00000012,0.00000002,0.00000002,0.00000000,0.00000000,0.00000000,0.00000000,0.00000000,0.00000000,0.00000000,0.00000000,0.00000000,0.00000000,0.00000000,0.00000001,0.00000000,0.00000000,0.00000006,0.00000000,0.00000000,0.00000000,0.00000004,0.00000001,0.00000000,0.00000000,0.00000004,0.00000013,0.00000000,0.00000000,0.00000000,0.00000009,0.00000000,0.00000000,0.00000001,0.00000002,0.00000024,0.00000000,0.00000007,0.00000000,0.00000001,0.00000002,0.00000000,0.00000014,0.00000016,0.00000011,0.00000012,0.00000018,0.00000008,0.00000000,0.00000236,0.00000002,0.00000010,0.00000006,0.00000001,0.00000001,0.00000000,0.00000000,0.00000005,0.00000001,0.00000001,0.00000000,0.00000000,0.00000000,0.00000000,0.00000000,0.00000002,0.00000000,0.00000001,0.00000005,0.00000006,0.00000001,0.00000015,0.00000033,0.00000066,0.00000000,0.00000000,0.00000015,0.00000008,0.00000000,0.00000000,0.00000007,0.00000000,0.00000001,0.00000000,0.00000001,0.00000000,0.00000010,0.00000002,0.00000023,0.00000002,0.00000004,0.00000003,0.00000002,0.00000011,0.00000000,0.00000003,0.00000000,0.00000000,0.00000001,0.00000000
0.00026353,0.00012530,0.00052097,0.00068504,0.01969826,0.00138555,0.00095076,0.00037386,0.00036163,0.00050573,0.00035204,0.00020349,0.00031159,0.00023985,0.00018439,0.00035132,0.00031384,0.00032883,0.00012640,0.00023371,0.00029010,0.00028899,0.00016376,0.05668968,0.00038816,0.00024315,0.00017908,0.00026355,0.00018344,0.00014410,0.00020700,0.00021355,0.00088670,0.00015703,0.00373495,0.00030471,0.00051833,0.00019650,0.00034861,0.00051243,0.00015628,0.00012954,0.00039824,0.00093367,0.00016114,0.00029850,0.00003745,0.00008082,0.00028733,0.03144649,0.00013572,0.00037639,0.00001613,0.00046681,0.00063432,0.00055806,0.00011028,0.00038022,0.00023697,0.00012833,0.00070531,0.00048617,0.00005890,0.00016811,0.00015795,0.00006351,0.00008192,0.00008192,0.00008192,0.00008344,0.00011733,0.00002069,0.00004147,0.00002114,0.00018936,0.00006410,0.00008740,0.00007124,0.00022692,0.00037788,0.00006168,0.00000995,0.00004872,0.00345598,0.00012873,0.00004725,0.00017201,0.00002402,0.00011118,0.00005547,0.00008797,0.00002633,0.00011744,0.00007215,0.00016606,0.00008550,0.00031555,0.00009201,0.00012722,0.00006927,0.00002509,0.00032090,0.00007350,0.00026230,0.00003322,0.00000000
0.00032411,0.00013376,0.00007203,0.00043363,0.00004654,0.04869461,0.00017802,0.00015018,0.00026964,0.00023797,0.00013508,0.00014045,0.00017986,0.00057722,0.00017548,0.00122067,0.00162203,0.00014411,0.00010996,0.00018387,0.00061966,0.00024482,0.00014037,0.00003329,0.00167640,0.00009624,0.00013146,0.00019540,0.00011715,0.00017275,0.00008032,0.00024629,0.02013114,0.04347968,0.00109849,0.00008875,0.00643073,0.00007325,0.00013009,0.00013476,0.00028220,0.00052931,0.00008425,0.00015903,0.00012175,0.00436560,0.00004863,0.00008915,0.00010533,0.00006455,0.00001209,0.00015864,0.00005379,0.00023567,0.00028094,0.01105313,0.00008955,0.00032069,0.00017069,0.00036028,0.00056198,0.00010600,0.00016178,0.00020192,0.00015643,0.00010942,0.00012743,0.00012743,0.00012743,0.00008208,0.00007438,0.00003855,0.00007402,0.00004011,0.00004004,0.00003137,0.00003325,0.00005815,0.00015748,0.00011680,0.00004431,0.00003482,0.00005320,0.00017806,0.00015380,0.00008322,0.00027016,0.00003251,0.00014301,0.00003629,0.00004441,0.00004128,0.00866858,0.00011922,0.00013755,0.00017283,0.00013894,0.00006927,0.00020919,0.00061331,0.00005070,0.00019478,0.00019718,0.00008689,0.00015388,0.00000000
0.00013381,0.00011655,0.00004853,0.00057317,0.05392298,0.05119969,0.03704981,0.00017651,0.00032817,0.00030322,0.00013767,0.00015453,0.00022037,0.00018368,0.00020391,0.00021475,0.00030391,0.00016814,0.00010959,0.00021577,0.00024302,0.00026420,0.00014622,0.00004875,0.00037769,0.00010597,0.00014244,0.00024445,0.00012544,0.00014336,0.00007043,0.00017945,0.00053665,0.00009627,0.00018233,0.00010283,0.00012708,0.00008376,0.00014771,0.00015681,0.00007005,0.00005212,0.00010658,0.00024176,0.00013249,0.00018361,0.00003636,0.00008593,0.00010735,0.00002103,0.00000929,0.00006103,0.00000566,0.00014609,0.00019506,0.00008306,0.00010060,0.00036303,0.00021921,0.00013410,0.00079720,0.00005143,0.00004495,0.00016570,0.00018179,0.00003946,0.00006427,0.00006427,0.00006427,0.00008209,0.00008460,0.00002797,0.00007346,0.00004364,0.00005636,0.00004012,0.00002516,0.00004496,0.00002555,0.00002270,0.00003771,0.00003061,0.00004281,0.00043028,0.00010472,0.00010154,0.00038332,0.00002259,0.00010595,0.00003690,0.00004388,0.00003461,0.00004777,0.00013006,0.00005691,0.00006766,0.00011800,0.00008305,0.00007905,0.00005472,0.00003788,0.00007889,0.00007142,0.00007779,0.00003830,0.00000000
0.00138320,0.00047874,0.00384296,0.00004015,0.00021380,0.00044102,0.00042864,0.18778096,0.00182348,0.02894047,0.00182719,0.00739732,0.01165664,0.04326150,0.01905783,0.00327789,0.00326924,0.00007280,0.00005437,0.00188666,0.00052778,0.00051818,0.00037796,0.00025271,0.00052314,0.00025284,0.00004645,0.00021615,0.00066588,0.00042985,0.00019732,0.00035972,0.00046989,0.00024725,0.00007228,0.00057707,0.00011633,0.00262781,0.00373631,0.00370115,0.00062977,0.00036037,0.00016625,0.00004186,0.00084067,0.00005539,0.00002040,0.00001424,0.00003097,0.00017422,0.00022479,0.00036276,0.00000391,0.00013208,0.00005779,0.00005042,0.00223034,0.00326458,0.00099902,0.00036927,0.00454777,0.00112308,0.00024952,0.00405574,0.00097801,0.01935514,0.03892369,0.03892369,0.03892369,0.00086127,0.00052490,0.00026181,0.00079363,0.00058153,0.00010851,0.00005340,0.00004401,0.00004191,0.00000323,0.00031307,0.00005421,0.00004194,0.00002410,0.00007094,0.00026718,0.00041515,0.00062323,0.00034060,0.00002169,0.00030119,0.00059638,0.00047130,0.00076328,0.00038105,0.00043205,0.00214119,0.00140932,0.00366962,0.00061327,0.00067785,0.00210039,0.00156003,0.00097635,0.00470737,0.00065425,0.00000000
0.00023458,0.00012787,0.00009304,0.00022620,0.00011819,0.00080063,0.00043921,0.00214325,0.03943134,0.00041795,0.00345292,0.01247076,0.02016497,0.02720447,0.00282504,0.00365023,0.06697254,0.00036481,0.00009706,0.00013276,0.00038463,0.00047689,0.00028643,0.00012782,0.00060680,0.00026251,0.00010816,0.00013838,0.00027584,0.00010100,0.00011225,0.00029772,0.00042911,0.00006534,0.00014958,0.00032679,0.00011343,0.00150960,0.00218988,0.00211822,0.00039703,0.00033920,0.00012999,0.00010093,0.00055749,0.00023980,0.00003760,0.00004478,0.00006409,0.00011014,0.00014112,0.00021607,0.00000461,0.00019338,0.00010476,0.00006799,0.00129884,0.00017734,0.00065865,0.00114963,0.00358178,0.00049229,0.00015867,0.00338842,0.00058010,0.01554447,0.01394787,0.01394787,0.01394787,0.00221641,0.00042191,0.00015478,0.00049652,0.00037368,0.00029191,0.00008521,0.00005151,0.00004231,0.00000653,0.00026794,0.00005724,0.00004485,0.00003108,0.00011472,0.00007573,0.00023392,0.00043257,0.00003608,0.00005388,0.00020863,0.00027554,0.00023420,0.00052238,0.00371858,0.00021808,0.00146512,0.00068354,0.00202289,0.00037229,0.00009012,0.00153889,0.00324023,0.00061468,0.00318621,0.00031683,0.00000000
0.00001157,0.00001156,0.00001007,0.00002927,0.00001540,0.00002873,0.00001027,0.00094111,0.00393618,0.00005345,0.00048198,0.00772927,0.01061706,0.00280244,0.00004686,0.00002667,0.00016583,0.00006280,0.00000964,0.00007388,0.00006708,0.00007555,0.00006961,0.00001889,0.00008325,0.00002206,0.00010123,0.00006627,0.00028043,0.00009680,0.00013451,0.00014238,0.00007314,0.00002026,0.00010801,0.00000969,0.00001391,0.00008956,0.00008847,0.00012027,0.00003994,0.00001185,0.00000912,0.00000959,0.00001933,0.00002581,0.00000539,0.00000336,0.00000557,0.00000695,0.00000132,0.00000803,0.00000178,0.00000593,0.00000767,0.00000475,0.00007290,0.00001349,0.00003813,0.00000756,0.00021221,0.00000593,0.00000432,0.00016605,0.00006563,0.00113974,0.00282511,0.00282511,0.00282511,0.00009571,0.00002046,0.00001054,0.00003119,0.00000388,0.00003973,0.00000132,0.00000272,0.00000268,0.00000044,0.00011238,0.00000233,0.00000140,0.00000206,0.00002165,0.00001844,0.00000311,0.00005381,0.00005909,0.00000265,0.00001876,0.00001909,0.00000286,0.00004055,0.00082882,0.00001094,0.00009586,0.00007725,0.00035562,0.00005650,0.00000663,0.00015434,0.00032967,0.00003877,0.00028919,0.00002165,0.00000000
0.00037673,0.00006716,0.00013364,0.00001970,0.00013791,0.00043362,0.00078248,0.00173923,0.00615572,0.01903591,0.09814759,0.00931157,0.05998675,0.02330078,0.00022413,0.00206274,0.00056095,0.00045857,0.00007086,0.00005961,0.00031763,0.00042277,0.00033849,0.00017817,0.00030395,0.00004761,0.00006173,0.00041885,0.00042445,0.00006244,0.00013258,0.00026008,0.00036019,0.00005250,0.00010059,0.00045788,0.00012499,0.00030875,0.00070928,0.00022207,0.00009531,0.00005218,0.00010974,0.00003756,0.00035611,0.00020046,0.00002834,0.00001726,0.00003587,0.00013029,0.00009348,0.00029520,0.00000213,0.00015081,0.00002333,0.00004533,0.00150735,0.00002205,0.00056224,0.00016149,0.00210972,0.00097266,0.00017718,0.00234516,0.00056141,0.00779962,0.01191716,0.01191716,0.01191716,0.00255840,0.00034126,0.00015344,0.00049790,0.00038631,0.00016338,0.00003712,0.00029975,0.00001004,0.00000173,0.00020485,0.00000880,0.00002826,0.00000731,0.00002211,0.00003422,0.00024710,0.00028569,0.00002291,0.00001006,0.00020484,0.00026880,0.00024570,0.00058261,0.00136194,0.00003527,0.00084379,0.00029855,0.00085959,0.00027743,0.00003168,0.00234183,0.00259401,0.00056071,0.00294999,0.00034784,0.00000000
0.00007918,0.00005204,0.00018201,0.00003519,0.00001971,0.00005256,0.00003463,0.02110976,0.01447004,0.00008408,0.00048619,0.05415819,0.07611673,0.00491208,0.11329555,0.04902940,0.00074681,0.00013093,0.00003779,0.00012393,0.00012226,0.00151226,0.00012750,0.00003636,0.00015097,0.00003926,0.00018752,0.00012188,0.00049235,0.00017618,0.00005280,0.00024962,0.00012313,0.00004691,0.00013626,0.00003177,0.00003736,0.00013208,0.00016466,0.00018157,0.00007184,0.00003759,0.00002598,0.00002049,0.00005329,0.00005774,0.00001694,0.00000880,0.00001730,0.00001179,0.00000523,0.00001681,0.00000365,0.00001703,0.00001853,0.00001758,0.00009840,0.00000922,0.00036436,0.00003140,0.00026701,0.00002960,0.00002162,0.00023892,0.00007237,0.00130659,0.00687025,0.00687025,0.00687025,0.00015624,0.00003308,0.00001702,0.00004142,0.00001337,0.00004184,0.00000429,0.00001787,0.00000630,0.00000110,0.00016343,0.00000524,0.00002435,0.00000474,0.00003189,0.00011919,0.00001118,0.00005874,0.00001390,0.00000674,0.00002283,0.00002567,0.00001097,0.00005607,0.00074941,0.00002922,0.00068894,0.00023266,0.00130277,0.00007142,0.00002209,0.00044687,0.00105418,0.00006720,0.00033572,0.00008612,0.00000000
0.00040746,0.00117554,0.00085614,0.00002062,0.00015064,0.00031396,0.00071729,0.00283363,0.00395220,0.00274464,0.00116840,0.00559422,0.02525266,0.01156341,0.00639784,0.00535217,0.00558629,0.00053155,0.00030605,0.00005054,0.00052713,0.00050066,0.00038933,0.00018534,0.00048426,0.00023607,0.00030290,0.00020406,0.00054043,0.00005452,0.00031123,0.00029880,0.00033283,0.00004431,0.00048568,0.00053125,0.00013087,0.00196789,0.00307922,0.00310957,0.00050424,0.00033609,0.00015959,0.00003592,0.00068395,0.00024044,0.00002541,0.00001709,0.00003283,0.00015512,0.00014091,0.00020720,0.00000334,0.00022458,0.00003964,0.00005189,0.00174285,0.00001832,0.00080349,0.00034577,0.00466435,0.00097125,0.00018399,0.00481019,0.00078446,0.00984089,0.02564237,0.02564237,0.02564237,0.00286877,0.00043677,0.00017145,0.00059575,0.00040238,0.00018068,0.00007004,0.00015517,0.00001822,0.00000364,0.00027092,0.00001577,0.00003106,0.00001371,0.00007438,0.00011336,0.00030796,0.00035002,0.00020725,0.00001690,0.00024960,0.00036220,0.00032504,0.00066550,0.00122733,0.00004849,0.00127899,0.00049922,0.00197700,0.00056143,0.00021801,0.00160354,0.00318131,0.00071197,0.00397112,0.00060040,0.00000000
0.00053837,0.00047806,0.00105896,0.00040018,0.00013563,0.00099949,0.00078760,0.02035564,0.03247588,0.00303215,0.00322773,0.04864412,0.05960931,0.08825424,0.01704818,0.00746977,0.05996933,0.00075965,0.00036782,0.00114781,0.00144016,0.00131587,0.00150886,0.00017619,0.00045756,0.00377203,0.00034349,0.00032426,0.00063919,0.00033926,0.00029508,0.00038926,0.00090584,0.00026935,0.00051596,0.00042811,0.00041462,0.00142644,0.00220063,0.00203299,0.00053919,0.00031271,0.00028543,0.00022560,0.00072652,0.00032847,0.00014732,0.00008951,0.00017899,0.00013085,0.00010974,0.00016358,0.00002507,0.00042737,0.00055201,0.00017006,0.00112251,0.00036707,0.00073882,0.00034221,0.00289966,0.00057011,0.00024805,0.00270408,0.00046262,0.02019323,0.04013953,0.04013953,0.04013953,0.00186945,0.00049713,0.00019009,0.00025572,0.00034478,0.00037459,0.00011898,0.00038741,0.00004139,0.00000833,0.00037491,0.00005088,0.00004550,0.00002101,0.00026782,0.00031523,0.00020770,0.00025864,0.00020186,0.00005794,0.00016783,0.00027958,0.00013449,0.00148681,0.00080272,0.00023526,0.00198113,0.00138022,0.00625559,0.00114375,0.00046182,0.00247907,0.00596001,0.00131527,0.00242303,0.00156791,0.00000000
0.03810628,0.00020290,0.10505046,0.00016741,0.00003469,0.00017797,0.00010902,0.00075739,0.00088815,0.00039498,0.00079821,0.00117905,0.00174317,0.00084702,0.13505885,0.00041373,0.00062392,0.00023894,0.00021983,0.00050315,0.00051104,0.00062399,0.00059224,0.00004245,0.00022420,0.00017155,0.00022087,0.00019558,0.00026166,0.00021803,0.00015478,0.00017280,0.00029003,0.00018624,0.00031335,0.00012543,0.00022165,0.00012845,0.00022739,0.00023262,0.00019699,0.00016942,0.00013340,0.00013520,0.00018566,0.00019172,0.00009828,0.00005238,0.00012151,0.00002846,0.00001192,0.00002668,0.00000737,0.00007926,0.00007353,0.00013570,0.00004837,0.00005365,0.00004627,0.00004671,0.00010257,0.00004444,0.00006025,0.00007997,0.00003388,0.00033590,0.00061275,0.00061275,0.00061275,0.00018379,0.00046719,0.00003638,0.00004787,0.00002177,0.00001786,0.00000753,0.00001760,0.00001891,0.00000564,0.00028677,0.00001596,0.00001110,0.00001491,0.00009413,0.00005972,0.00002882,0.00006904,0.00029387,0.00002389,0.00001177,0.00002037,0.00002987,0.00009230,0.00011539,0.00006170,0.00005917,0.00015303,0.00009327,0.00033743,0.00084659,0.00054154,0.00105265,0.00057956,0.00013129,0.00011368,0.00000000
0.00017570,0.00020710,0.00016523,0.00025922,0.00006033,0.00025170,0.00019473,0.00061691,0.00058677,0.00022005,0.00029446,0.00129754,0.00170715,0.00041587,0.00259987,0.00931904,0.00068541,0.00017720,0.00017203,0.00015843,0.00018132,0.00025825,0.00015180,0.00003145,0.00018062,0.00012304,0.00015492,0.00016261,0.00015664,0.00017607,0.00016546,0.00013587,0.00020880,0.00015851,0.00026481,0.00010348,0.00016472,0.00010684,0.00016456,0.00016321,0.00012496,0.00015097,0.00010175,0.00013449,0.00014596,0.00015180,0.00008026,0.00011573,0.00013254,0.00002619,0.00001739,0.00004766,0.00002738,0.00015483,0.00050183,0.00015312,0.00006647,0.00015382,0.00011714,0.00078662,0.00022309,0.00044165,0.00041623,0.00020525,0.00017394,0.01904390,0.03508462,0.03508462,0.03508462,0.00011238,0.00010769,0.00006219,0.00004204,0.00003162,0.00013749,0.00002875,0.00009615,0.00008531,0.00002794,0.00018488,0.00004907,0.00005125,0.00006083,0.00012026,0.00014461,0.00005251,0.00011166,0.00008194,0.00022632,0.00003696,0.00004913,0.00005385,0.00011254,0.00009866,0.00005811,0.00010610,0.00012050,0.00015058,0.00038346,0.00562963,0.00176228,0.00499916,0.01057962,0.00009945,0.00009323,0.00000000
0.00002459,0.00002346,0.00002111,0.00003270,0.00000897,0.00005876,0.00003774,0.00012350,0.00160292,0.00003307,0.00014820,0.00100843,0.00130813,0.00196431,0.00022460,0.00072071,0.02698296,0.00003900,0.00002441,0.00002721,0.00003724,0.00005050,0.00003602,0.00000948,0.00004595,0.00002286,0.00002383,0.00002668,0.00003188,0.00002368,0.00001485,0.00003486,0.00004735,0.00001979,0.00003485,0.00002436,0.00002735,0.00006646,0.00009967,0.00009433,0.00002966,0.00002802,0.00001769,0.00001968,0.00004282,0.00002766,0.00000956,0.00000937,0.00001667,0.00000952,0.00000862,0.00001231,0.00000391,0.00002624,0.00003686,0.00004615,0.00006083,0.00003524,0.00008625,0.00005831,0.00016135,0.00012998,0.00003540,0.00022145,0.00002987,0.01015601,0.01851615,0.01851615,0.01851615,0.00009961,0.00379682,0.00002533,0.00003093,0.00001676,0.00019634,0.00003148,0.00012744,0.00002220,0.00000591,0.00023321,0.00003580,0.00000767,0.00000826,0.00002514,0.00001385,0.00004045,0.00004773,0.00001298,0.00001339,0.00001676,0.00002742,0.00001024,0.00003018,0.00013514,0.00005131,0.00050113,0.00005332,0.00072361,0.00003156,0.00254060,0.00083879,0.00381474,0.00269231,0.00012651,0.00005784,0.00000000
0.00033850,0.00018626,0.00019612,0.00025315,0.00006459,0.00031645,0.00015125,0.00042544,0.00044763,0.00040212,0.00052687,0.00039487,0.00074599,0.00050124,0.00030946,0.00035374,0.00145198,0.00032006,0.04748933,0.01119000,0.00030342,0.00072568,0.00081797,0.00004603,0.00029404,0.00065368,0.00035652,0.00023047,0.00025177,0.00025815,0.00016512,0.00024128,0.00032075,0.00039714,0.00044370,0.00010955,0.00037961,0.00024469,0.00059320,0.00038492,0.00306746,0.00032692,0.00017420,0.00021876,0.00427034,0.00074994,0.00011665,0.00006746,0.00039872,0.00005296,0.00002982,0.00004003,0.00001510,0.00029594,0.00034765,0.00123053,0.00005569,0.00119695,0.00015106,0.00009808,0.00016000,0.00005874,0.00006541,0.00014001,0.00010937,0.00011470,0.00023556,0.00023556,0.00023556,0.00078945,0.00005763,0.00007035,0.00007773,0.00008787,0.00006265,0.00005725,0.00007378,0.00006585,0.00004231,0.00010737,0.00007366,0.00003438,0.00001780,0.00008151,0.00024067,0.00009563,0.00013439,0.00014673,0.00005861,0.00001535,0.00004496,0.00004464,0.00026954,0.00004728,0.00016491,0.00026810,0.00051697,0.00008126,0.00011179,0.00034629,0.00015901,0.00023452,0.00010540,0.00011775,0.00177115,0.00000000
0.00009227,0.00010317,0.00009694,0.00014983,0.00001791,0.00013996,0.00006139,0.00010929,0.00018001,0.00014517,0.00010958,0.00011171,0.00017203,0.00010018,0.00012930,0.00010150,0.00014793,0.00012048,0.00098888,0.00032006,0.00010821,0.00015399,0.00039124,0.00002114,0.00014714,0.00008317,0.00010415,0.00011637,0.00009657,0.00010529,0.00006473,0.00008589,0.00014923,0.00008622,0.00015635,0.00006585,0.00009474,0.00006514,0.00010468,0.00010614,0.00012865,0.00007457,0.00006569,0.00007947,0.00015824,0.00026461,0.00005142,0.00003620,0.00007443,0.00001476,0.00000595,0.00001284,0.00000452,0.00006286,0.00008680,0.00007009,0.00003156,0.00011809,0.00007291,0.00003524,0.00016214,0.00003373,0.00006716,0.00004734,0.00004436,0.00004241,0.00006841,0.00006841,0.00006841,0.00027675,0.00003918,0.00002100,0.00001604,0.00001023,0.00002539,0.00003156,0.00003240,0.00001450,0.00000404,0.00003161,0.00002297,0.00000604,0.00000798,0.00004156,0.00003806,0.00004342,0.00014000,0.00005049,0.00002904,0.00000803,0.00002475,0.00001601,0.00004418,0.00003518,0.00010454,0.00005871,0.00013116,0.00005723,0.00003098,0.00010007,0.00003407,0.00007655,0.00008202,0.00006760,0.00007108,0.00000000
0.00007337,0.00010400,0.00009655,0.00002577,0.00001213,0.00005698,0.00003186,0.00016625,0.00013466,0.00011747,0.00010109,0.00009654,0.00008306,0.00009159,0.00009950,0.00006887,0.00011073,0.00009915,0.00017943,0.00009665,0.00006899,0.00011533,0.00008362,0.00001608,0.00008981,0.00006843,0.00008758,0.00007919,0.00008281,0.00008632,0.00005313,0.00005635,0.00006478,0.00007299,0.00013507,0.00005367,0.00008090,0.00004792,0.00009120,0.00008972,0.00009629,0.00006899,0.00005635,0.00005164,0.00008991,0.00009503,0.00004030,0.00002250,0.00005353,0.00001126,0.00000399,0.00000796,0.00000654,0.00003414,0.00002197,0.00005750,0.00010417,0.00002614,0.00001362,0.00000786,0.00004595,0.00001475,0.00002175,0.00002027,0.00000867,0.00004169,0.00007412,0.00007412,0.00007412,0.00005845,0.00001523,0.00001520,0.00000682,0.00000467,0.00002073,0.00002118,0.00007133,0.00000405,0.00000174,0.00011881,0.00000313,0.00000157,0.00000397,0.00001773,0.00002526,0.00000730,0.00001494,0.00003042,0.00003506,0.00000289,0.00000472,0.00001665,0.00002291,0.00000779,0.00040016,0.00001218,0.00003703,0.00001394,0.00000873,0.00019596,0.00009740,0.00005225,0.00001867,0.00035097,0.00033738,0.00000000
0.00019412,0.00010929,0.00011752,0.00013087,0.00047317,0.00012029,0.00010813,0.00022351,0.00024999,0.00021594,0.00031237,0.00017891,0.00033773,0.00024439,0.00016194,0.00015515,0.00070606,0.00011905,0.00023913,0.00014414,0.00021198,0.03093977,0.00018511,0.00002251,0.00015953,0.00029686,0.00016462,0.00013026,0.00010149,0.00012164,0.00009155,0.00010721,0.00374919,0.00023595,0.00026926,0.00006650,0.00337955,0.00014914,0.00032455,0.00027205,0.00177567,0.01699398,0.00012439,0.00012057,0.10226579,0.01947029,0.00060196,0.00003515,0.00144420,0.00002726,0.00001101,0.00001855,0.00000994,0.00019861,0.00016576,0.01478544,0.00003383,0.00006474,0.00007883,0.00006759,0.00009974,0.00004104,0.00005650,0.00007292,0.00004917,0.00006886,0.00011220,0.00011220,0.00011220,0.00019576,0.00004733,0.00003817,0.00007286,0.00004284,0.00004122,0.00006897,0.00020985,0.00004238,0.00158873,0.00003508,0.00004243,0.00002108,0.00002038,0.00005595,0.00010936,0.00006413,0.00014569,0.00007145,0.00003200,0.00001378,0.00002286,0.00002659,0.00805442,0.00004743,0.00015667,0.00047962,0.00010266,0.00005573,0.00036663,0.00007030,0.00007157,0.00009252,0.00029436,0.00200256,0.00183296,0.00000000
0.00081048,0.00060582,0.00060797,0.00020113,0.00031965,0.00060072,0.00026623,0.00505429,0.00528178,0.00511671,0.00236849,0.01739234,0.02227734,0.00966043,0.01069570,0.00947145,0.00099684,0.00026068,0.00290513,0.00215913,0.00016262,0.01367334,0.00950864,0.00019179,0.00027894,0.02062249,0.00986220,0.00086350,0.00027381,0.00426651,0.00132830,0.00047525,0.00577842,0.00463866,0.00073831,0.00038916,0.00142011,0.00197505,0.00466716,0.00030786,0.00094470,0.00168109,0.00032664,0.00054437,0.00334173,0.00726052,0.00064309,0.00080008,0.00143190,0.00039524,0.00036081,0.00015879,0.00009619,0.00252955,0.01176830,0.00064549,0.00096488,0.00217594,0.00268177,0.00013331,0.00170989,0.00035637,0.00021132,0.00373464,0.00606322,0.00267844,0.00440113,0.00440113,0.00440113,0.03712755,0.00085721,0.00081117,0.00132812,0.00537829,0.00112043,0.00054608,0.00208421,0.00301949,0.00011944,0.00067974,0.00288686,0.00189344,0.00001707,0.00064604,0.00581994,0.00513759,0.00620192,0.00447377,0.00093831,0.00048620,0.00121454,0.00142798,0.00491965,0.00002468,0.00354568,0.00306409,0.00315508,0.00214121,0.00152861,0.00401204,0.00752692,0.00547581,0.00266681,0.00109300,0.00236130,0.00000000
0.00038383,0.00020690,0.00014168,0.00063319,0.00010041,0.00018269,0.00020932,0.00065677,0.00070432,0.00068468,0.00058974,0.00138902,0.00209215,0.00107639,0.00102820,0.00090037,0.00141333,0.00040238,0.00077755,0.00075867,0.00015522,0.00163085,0.05962909,0.00003390,0.00029675,0.00198117,0.00085856,0.00019564,0.00008561,0.00042121,0.00016630,0.00013658,0.00059915,0.00065538,0.00019739,0.00007049,0.00031671,0.00044054,0.00078446,0.00022520,0.00051858,0.00031753,0.00009800,0.00024356,0.00067097,0.00292927,0.00028885,0.00009583,0.00049317,0.00010520,0.00005894,0.00005501,0.00007703,0.00123627,0.00148128,0.00026059,0.00082407,0.00250674,0.00330853,0.00015754,0.00035723,0.00022819,0.00010389,0.00058124,0.00068345,0.00042685,0.00046667,0.00046667,0.00046667,0.04669823,0.00076299,0.00061375,0.00033498,0.00067515,0.00178277,0.00426217,0.00257266,0.00047681,0.00014109,0.00011792,0.00178980,0.00018218,0.00006182,0.00016177,0.00063575,0.00053089,0.00096523,0.00061527,0.00019431,0.00015109,0.00252244,0.00024451,0.00140989,0.00008532,0.00423356,0.00565946,0.00509610,0.00118602,0.00119280,0.01376131,0.00123495,0.00768249,0.00048360,0.00036436,0.00030110,0.00000000
0.03222233,0.01641861,0.01670030,0.04996825,0.00002981,0.02006655,0.00001623,0.00267619,0.00126599,0.00389395,0.00301554,0.00165216,0.00300564,0.00058170,0.00553200,0.00277178,0.00138385,0.00159203,0.00175063,0.00000555,0.00278489,0.00113252,0.00153730,0.00011557,0.00098729,0.00000381,0.00000424,0.00001907,0.01254181,0.00000862,0.00011965,0.00241469,0.01302713,0.00001354,0.00000709,0.00057910,0.00077728,0.00018920,0.00128042,0.00060901,0.00029785,0.00148541,0.00025076,0.00124148,0.00186169,0.00155748,0.00171803,0.00148582,0.01222276,0.00081267,0.00002921,0.00222862,0.00588039,0.00499639,0.01700715,0.00500974,0.00874099,0.01567423,0.00502848,0.02382493,0.01900050,0.06055261,0.00024472,0.01354288,0.01666645,0.00160918,0.00113606,0.00113606,0.00113606,0.00041701,0.00058008,0.00177600,0.00087244,0.00025395,0.00106250,0.00066653,0.00249997,0.00278042,0.00003451,0.00024688,0.00019785,0.00094362,0.00000906,0.00383702,0.00046086,0.00089750,0.00132760,0.00156775,0.00916068,0.00098233,0.02746265,0.00204645,0.00625809,0.00183973,0.00318713,0.00243592,0.00199260,0.00246963,0.00163511,0.00658676,0.00030355,0.00265248,0.00543082,0.00296305,0.00402351,0.00000000
0.00085103,0.00011368,0.00011257,0.00018349,0.00001890,0.00019179,0.00006109,0.00012978,0.00017893,0.00014499,0.00015778,0.00013719,0.00015903,0.00013069,0.00013436,0.00011490,0.00044034,0.00038894,0.00013433,0.00057206,0.00333749,0.01151745,0.00595114,0.00010501,0.00047349,0.00018898,0.00060633,0.00039053,0.00153079,0.00057115,0.00016002,0.00078473,0.00046979,0.00021430,0.00019650,0.00021587,0.00082928,0.00010310,0.00142587,0.00140106,0.01016745,0.00460520,0.00025759,0.00048542,0.00074003,0.00028151,0.00398107,0.00003169,0.00271495,0.00001632,0.00000613,0.00005015,0.00001253,0.00032648,0.00008189,0.00270910,0.00001473,0.00003235,0.00002831,0.00002760,0.00003707,0.00002162,0.00003348,0.00002841,0.00002206,0.00004700,0.00008069,0.00008069,0.00008069,0.00520318,0.00003049,0.00002163,0.00002302,0.00001656,0.00000805,0.00002444,0.00012682,0.00001446,0.00002785,0.00017052,0.00001194,0.00000744,0.00000695,0.00011052,0.00014517,0.00012454,0.00004696,0.00004324,0.00001686,0.00000399,0.00000891,0.00001710,0.00008339,0.00001599,0.00033581,0.00026489,0.00012095,0.00028523,0.00002539,0.00006052,0.00002950,0.00026660,0.00003546,0.00020434,0.00003668,0.00000000
0.00205363,0.00030783,0.00028320,0.00041030,0.00006249,0.00030058,0.00016139,0.00035335,0.00048172,0.00031942,0.00046630,0.00031550,0.00033455,0.00024247,0.00031566,0.00023676,0.00045401,0.00038552,0.00032080,0.00110830,0.00116123,0.00156678,0.00138328,0.00007212,0.00097670,0.01631584,0.00040085,0.00031781,0.00062754,0.00044176,0.00069601,0.00037454,0.00062705,0.00038288,0.00041950,0.00016267,0.00035460,0.00015334,0.00030870,0.00029208,0.00039132,0.00028336,0.00017619,0.00020455,0.00028280,0.00039061,0.00022162,0.00007011,0.00020591,0.00011209,0.00001550,0.00020530,0.00007876,0.00079767,0.00189985,0.00019086,0.00003456,0.00007455,0.00114188,0.00004180,0.00007520,0.00005028,0.00007279,0.00004902,0.00003681,0.00011037,0.00113763,0.00113763,0.00113763,0.00030929,0.00007446,0.00004977,0.00004433,0.00002566,0.00004049,0.00001387,0.00014048,0.00002505,0.00000753,0.00016270,0.00002190,0.00001361,0.00001550,0.00017036,0.00040747,0.00030961,0.00013595,0.00043561,0.00004308,0.00000887,0.00002101,0.00004596,0.00439353,0.00004459,0.00040115,0.00090952,0.00049064,0.00132403,0.00024606,0.00101864,0.00005460,0.00049183,0.00012630,0.00013056,0.00631424,0.00000000
0.00073343,0.00041189,0.00012683,0.00591007,0.00004784,0.00238142,0.00082971,0.00026885,0.00056254,0.00021196,0.00023764,0.00074704,0.00095603,0.00084075,0.00076963,0.00034443,0.00124976,0.00072667,0.00073884,0.01773948,0.01877398,0.01827134,0.02177163,0.00020465,0.00102506,0.00065879,0.00114550,0.00075203,0.00307067,0.00110387,0.00075696,0.00179838,0.00710649,0.00037734,0.00032174,0.00037251,0.00202690,0.00016511,0.00046198,0.00032560,0.00074643,0.00038147,0.00020918,0.00086949,0.00123501,0.00043456,0.00026317,0.00004962,0.00024757,0.00005954,0.00001563,0.00011796,0.00007265,0.00014144,0.00103719,0.00049106,0.00004658,0.00012748,0.00011793,0.00005893,0.00021134,0.00003450,0.00004625,0.00009282,0.00005535,0.00019989,0.00042052,0.00042052,0.00042052,0.00078759,0.00029471,0.00006619,0.00008413,0.00004707,0.00003549,0.00004088,0.00003346,0.00003706,0.00001528,0.00008154,0.00003866,0.00003474,0.00003895,0.00171849,0.00046034,0.00009659,0.00028490,0.00024771,0.00005766,0.00002285,0.00003687,0.00005713,0.00166752,0.00014801,0.00011212,0.00009572,0.00311082,0.00017305,0.00009632,0.00011590,0.00007040,0.00013119,0.00013605,0.00013725,0.00024275,0.00000000
0.01331431,0.00029390,0.00003682,0.00053682,0.00017600,0.00056024,0.00018324,0.00010441,0.00008633,0.00006962,0.00005617,0.00007690,0.00010343,0.00009024,0.00008384,0.00052024,0.00324001,0.00083275,0.00006116,0.00084678,0.00079572,0.00183274,0.00087196,0.00021915,0.02896160,0.00024555,0.00120600,0.00075667,0.00343529,0.00349880,0.00048334,0.00180236,0.00109487,0.00661418,0.00015839,0.00005485,0.00054411,0.00009062,0.00026138,0.00007252,0.00034267,0.00013026,0.00008215,0.00007950,0.00022341,0.00040428,0.00035692,0.00002006,0.00033447,0.00297020,0.00001899,0.00667110,0.00002097,0.00008969,0.00009135,0.00018411,0.00002263,0.00006907,0.00005920,0.00004831,0.00010557,0.00001611,0.00002251,0.00003714,0.00002820,0.00002321,0.00004227,0.00004227,0.00004227,0.00006950,0.00004607,0.00006365,0.00005181,0.00002671,0.00002361,0.00003818,0.00001524,0.00002193,0.00000679,0.00005394,0.00001935,0.00002007,0.00002199,0.00023549,0.00058500,0.00006418,0.00016632,0.00004387,0.00011136,0.00001261,0.00001809,0.00010695,0.00023809,0.00006339,0.00003947,0.00002854,0.00121009,0.00003352,0.00042149,0.00004293,0.00003008,0.00006282,0.00031511,0.00096243,0.00006282,0.00000000
0.00279825,0.00014072,0.00021658,0.00113073,0.00007497,0.00228855,0.00021475,0.00074787,0.00059102,0.00058521,0.00112008,0.00015671,0.00116131,0.00083390,0.00029780,0.00024497,0.01152854,0.01214135,0.00015580,0.00522013,0.00296328,0.00590257,0.00284649,0.00381997,0.01674221,0.00265875,0.02173924,0.01318860,0.06342035,0.02066065,0.00549210,0.03137916,0.00993723,0.00390839,0.00060225,0.00052779,0.00070764,0.00129957,0.00374170,0.00031150,0.00407514,0.00407943,0.00061926,0.00046794,0.00209437,0.00435493,0.00119188,0.00004096,0.00068325,0.00007656,0.00001774,0.00142238,0.00031681,0.00054751,0.00042786,0.00041892,0.00007382,0.00026538,0.00024285,0.00013086,0.00042591,0.00033981,0.00004230,0.00023264,0.00007295,0.00006949,0.00013515,0.00013515,0.00013515,0.00025026,0.00008725,0.00006083,0.00011709,0.00004934,0.00005257,0.00004101,0.00005097,0.00004434,0.00001351,0.00009426,0.00003925,0.00003740,0.00004267,0.00237832,0.00343392,0.00007398,0.00022605,0.00068922,0.00006622,0.00002507,0.00005790,0.00003333,0.00044204,0.00011136,0.00014121,0.00008111,0.00055161,0.00009061,0.00025201,0.00010153,0.00005623,0.00007822,0.00015220,0.00023973,0.00014447,0.00000000
0.02661819,0.00000894,0.00005712,0.00002954,0.00000285,0.00002970,0.00001403,0.00001184,0.00002207,0.00001369,0.00001335,0.00001785,0.00002089,0.00002590,0.00008306,0.00001557,0.00010842,0.00009035,0.00001734,0.00009016,0.00010024,0.00291225,0.00012905,0.00002723,0.00048776,0.00004454,0.00015237,0.00009653,0.00042956,0.00017615,0.00004185,0.00021764,0.00066856,0.00011198,0.00001555,0.00000904,0.00002613,0.00001370,0.00003973,0.00002138,0.00012310,0.00005742,0.00001123,0.00001762,0.00002735,0.00055142,0.00004364,0.00000322,0.00003549,0.00003952,0.00000101,0.00043783,0.00000297,0.00000931,0.00001078,0.00003112,0.00000415,0.00000970,0.00000833,0.00000433,0.00001576,0.00000250,0.00000293,0.00000583,0.00000426,0.00000721,0.00001413,0.00001413,0.00001413,0.00005791,0.00008024,0.00000296,0.00001236,0.00000561,0.00001094,0.00001470,0.00000507,0.00000414,0.00000093,0.00000434,0.00000298,0.00000278,0.00000312,0.00003028,0.00042423,0.00001301,0.00004971,0.00000713,0.00000344,0.00000147,0.00000251,0.00000140,0.00001444,0.00000968,0.00011596,0.00001914,0.00003054,0.00000921,0.00001223,0.00032450,0.00000392,0.00000934,0.00001180,0.00001764,0.00001259,0.00000000
0.00698094,0.00054328,0.00139316,0.00196276,0.00023438,0.00102312,0.00126412,0.00047085,0.00092629,0.00054518,0.00056935,0.00094542,0.00106686,0.00131797,0.00214655,0.00059585,0.00117369,0.00051615,0.00087984,0.00300800,0.00287063,0.00296506,0.00334306,0.00012930,0.00058057,0.00105553,0.00059160,0.00053437,0.00100448,0.00072761,0.14714858,0.00084269,0.00157497,0.00079872,0.00060383,0.00024839,0.00071162,0.00045330,0.00142205,0.00223038,0.00053802,0.00042336,0.00025083,0.00061782,0.00058225,0.00307157,0.00037168,0.00035528,0.00101430,0.00043332,0.00019005,0.00025259,0.00012343,0.00060037,0.00236214,0.00049738,0.00023645,0.00040842,0.00042906,0.00238010,0.00056410,0.00079089,0.00108120,0.00063806,0.00046649,0.00045022,0.00079401,0.00079401,0.00079401,0.00035828,0.00067508,0.00087857,0.00038093,0.00025655,0.00013863,0.00017095,0.00016006,0.00031284,0.00007966,0.00036483,0.00025367,0.00020563,0.00024488,0.00079246,0.00405329,0.00067777,0.00244406,0.07386557,0.00078131,0.00012738,0.00023618,0.00025161,0.00095555,0.00104005,0.00049838,0.00043685,0.00887385,0.00075303,0.00069784,0.00054863,0.00071053,0.00063040,0.00187862,0.00129776,0.00051208,0.00000000
0.01675392,0.00082305,0.00153068,0.00955948,0.00033771,0.00192461,0.00067512,0.01917380,0.01290445,0.01360287,0.02919795,0.00194768,0.03057051,0.02020845,0.00099712,0.00270018,0.10722774,0.00121998,0.00366094,0.00158744,0.00098447,0.01509183,0.01121330,0.00061053,0.00929346,0.01911906,0.00376942,0.00343245,0.00307598,0.00155381,0.00221934,0.00209097,0.00316545,0.01484000,0.00187439,0.00133442,0.00874630,0.00898729,0.02943888,0.00629520,0.02708375,0.00562112,0.00148337,0.00901202,0.01196599,0.01300843,0.00101852,0.00020438,0.01630769,0.00034915,0.00008023,0.00019970,0.00037912,0.01349101,0.00717211,0.00827370,0.00043364,0.00179606,0.00489731,0.00106077,0.00636053,0.00040756,0.00020401,0.00419814,0.00037124,0.00036939,0.00087533,0.00087533,0.00087533,0.00306233,0.00028591,0.00050197,0.00046204,0.00025717,0.00073509,0.00036511,0.00084976,0.00020806,0.00010714,0.00019343,0.00025571,0.00011092,0.00007809,0.00038727,0.00092982,0.00039250,0.00081540,0.00057723,0.00034901,0.00005510,0.00017791,0.00045871,0.00703311,0.00021670,0.00134901,0.00095437,0.00269115,0.00090594,0.00547110,0.00092319,0.00054955,0.00081850,0.00151095,0.00080407,0.00272298,0.00000000
0.00008458,0.00005669,0.00004018,0.00021418,0.00003569,0.00336757,0.00012094,0.00008391,0.00012247,0.00010600,0.00010552,0.00006252,0.00011016,0.00038260,0.00007544,0.00077417,0.00112551,0.00006840,0.00005205,0.00030065,0.00068297,0.00056113,0.00046399,0.00001629,0.00013020,0.00012624,0.00008682,0.00010105,0.00007965,0.00006791,0.00004855,0.00017383,0.00043563,0.01269035,0.00082734,0.00018838,0.00188515,0.00008085,0.00020007,0.00031935,0.00046655,0.00048517,0.00014011,0.00009691,0.00012862,0.00022625,0.00009991,0.00003178,0.00017577,0.00002081,0.00000956,0.00014211,0.00029382,0.00065348,0.00007328,0.01946004,0.00003844,0.00013387,0.00007012,0.00012395,0.00018005,0.00001958,0.00002490,0.00005279,0.00004434,0.00006805,0.00007752,0.00007752,0.00007752,0.00013992,0.00003003,0.00002356,0.00004800,0.00002185,0.00001704,0.00002259,0.00002567,0.00002223,0.00057168,0.00013885,0.00002084,0.00001420,0.00001852,0.00008398,0.00022066,0.00003260,0.00009188,0.00001789,0.00003417,0.00001213,0.00001586,0.00001338,0.00017048,0.00005680,0.00052034,0.00061888,0.00020309,0.00003389,0.00063150,0.00316937,0.00002582,0.00100334,0.00052006,0.00003514,0.00009588,0.00000000
0.00060065,0.00025277,0.00013104,0.00047117,0.00010897,0.02505303,0.00018340,0.00042447,0.00040885,0.00038423,0.00062579,0.00017550,0.00061660,0.00583001,0.00017021,0.01301058,0.01891368,0.00027911,0.00076625,0.00051267,0.00562186,0.00078555,0.00058683,0.00005880,0.00078645,0.00042658,0.00031205,0.00027148,0.00049813,0.00030703,0.00016191,0.00152808,0.00046913,0.00117552,0.01183238,0.00022741,0.00085632,0.00028736,0.00069139,0.00038014,0.00325954,0.00596508,0.00019221,0.00029231,0.00051174,0.00047407,0.00021741,0.00005226,0.00043601,0.00012294,0.00002127,0.00015937,0.00003202,0.00071144,0.00023029,0.00801439,0.00024669,0.00069812,0.00027368,0.00032061,0.00034109,0.00003845,0.00006366,0.00015564,0.00006443,0.00085790,0.00077924,0.00077924,0.00077924,0.00017792,0.00007406,0.00009603,0.00011807,0.00004505,0.00005278,0.00003693,0.00004134,0.00005657,0.00087783,0.00015094,0.00007283,0.00003949,0.00004970,0.00017294,0.00026503,0.00009618,0.00018358,0.00005236,0.00012651,0.00003326,0.00004441,0.00009744,0.00024900,0.00008713,0.00038512,0.00046323,0.00029661,0.00006617,0.00087832,0.00185090,0.00006702,0.00013056,0.00092575,0.00014708,0.00150562,0.00000000
0.00020302,0.00162279,0.00003868,0.00177280,0.00113191,0.00027043,0.00073560,0.00026086,0.00019298,0.00010796,0.00031424,0.00019631,0.00050985,0.00034942,0.00003651,0.00031034,0.00277017,0.00093737,0.00015047,0.00003712,0.00033538,0.00085329,0.00042483,0.00009353,0.00013336,0.00037652,0.00013173,0.00014303,0.00012312,0.00032188,0.00015780,0.00023297,0.00300548,0.00051451,0.00107847,0.00351996,0.00162191,0.00201812,0.01623185,0.00612977,0.02928571,0.00880656,0.03134856,0.00921041,0.01170314,0.00826389,0.01270648,0.00007134,0.00241602,0.00069846,0.00008694,0.00046921,0.00000582,0.02279370,0.00005738,0.00180920,0.00006080,0.00007543,0.00013349,0.00012849,0.00006801,0.00001381,0.00003167,0.00003989,0.00001442,0.00003259,0.00006205,0.00006205,0.00006205,0.00002484,0.00005580,0.00029114,0.00004580,0.00001517,0.00002200,0.00004514,0.00002123,0.00002037,0.00001219,0.00009143,0.00002036,0.00001063,0.00001604,0.00063256,0.00007778,0.00012704,0.00003475,0.00001326,0.00056118,0.00001079,0.00000974,0.00051521,0.00076716,0.00006284,0.00015099,0.00003208,0.00004699,0.00003102,0.00021071,0.00183527,0.00007684,0.00026487,0.00004979,0.00064248,0.00002591,0.00000000
0.00077256,0.00012600,0.00001722,0.00028743,0.00013111,0.00016500,0.00023505,0.00009628,0.00011794,0.00010550,0.00009340,0.00011938,0.00022484,0.00015014,0.00008413,0.00015492,0.00033821,0.00009772,0.00004047,0.00011750,0.00023363,0.00028498,0.00020761,0.00001950,0.00013920,0.00035200,0.00028619,0.00014119,0.00243080,0.00009352,0.00007684,0.00227678,0.00028385,0.00021615,0.00590865,0.06803770,0.00952008,0.00279134,0.01275585,0.02922515,0.00746702,0.00387029,0.02057715,0.00435399,0.00406708,0.00642347,0.00073331,0.00172795,0.00790304,0.00008434,0.00002163,0.00018598,0.00000577,0.00047165,0.00014084,0.00366571,0.00007165,0.00011107,0.00009560,0.00010563,0.00021908,0.00002654,0.00053768,0.00007844,0.00007738,0.00003307,0.00004908,0.00004908,0.00004908,0.00016267,0.00002760,0.00005018,0.00002941,0.00003324,0.00002247,0.00001962,0.00002196,0.00003125,0.00000983,0.00024202,0.00003504,0.00001482,0.00000979,0.00005867,0.00028331,0.00004925,0.00005508,0.00004280,0.00008338,0.00001279,0.00001836,0.00005122,0.00023197,0.00006999,0.00012328,0.00004103,0.00007221,0.00004141,0.00003071,0.00075335,0.00007221,0.00007426,0.00003308,0.00023752,0.00003048,0.00000000
0.00765783,0.00208931,0.00163565,0.00203296,0.00760280,0.00408851,0.01893681,0.00180770,0.00232569,0.00187143,0.00228841,0.00141323,0.00464642,0.00525639,0.00154456,0.00644297,0.00503885,0.00193028,0.00176813,0.00093481,0.01186708,0.00673624,0.00641899,0.00078902,0.00175518,0.02429116,0.00819692,0.00796980,0.00093058,0.00240756,0.00535615,0.01230396,0.00792934,0.01526274,0.04318444,0.00324827,0.04031197,0.01317560,0.02762573,0.06357589,0.02705947,0.01938090,0.02700105,0.00475799,0.01090934,0.03417369,0.00493754,0.00166081,0.02189332,0.00470940,0.00165910,0.00296112,0.00011632,0.02074295,0.00177469,0.01823493,0.00268520,0.00067412,0.00170591,0.00549355,0.00096695,0.00094007,0.00033120,0.00130408,0.00048823,0.00070965,0.00100220,0.00100220,0.00100220,0.00090239,0.00040690,0.00251769,0.00053390,0.00074163,0.00015690,0.00020793,0.00047765,0.00030005,0.00090569,0.00021928,0.00031368,0.00018439,0.00025123,0.00292165,0.00238539,0.00041973,0.00111036,0.00041395,0.00254104,0.00009881,0.00019518,0.00101579,0.01337485,0.00456032,0.00831255,0.00061477,0.00115415,0.00068816,0.00041917,0.00110139,0.00173622,0.00145241,0.00098335,0.00194898,0.00067559,0.00000000
0.00083568,0.00092913,0.00129690,0.00724536,0.00209954,0.00513412,0.00274627,0.00176968,0.00198150,0.00319606,0.00193208,0.00185151,0.00187347,0.00161339,0.00289399,0.00186647,0.00245411,0.00158088,0.00200539,0.00455063,0.00341644,0.00287228,0.00349701,0.00075321,0.00293690,0.00160470,0.00181885,0.00222548,0.00115474,0.00306226,0.00086530,0.00259905,0.00448699,0.00294136,0.00250316,0.00132269,0.00481826,0.00264712,0.02897391,0.00164151,0.00595609,0.00470637,0.00233175,0.00417747,0.00299968,0.00816779,0.00196388,0.00212259,0.01364877,0.00533075,0.00219304,0.00196073,0.00011771,0.00234582,0.00515078,0.00268725,0.00091913,0.00108369,0.00486968,0.00774424,0.00140457,0.00139050,0.00028777,0.00248800,0.00202753,0.00147526,0.00166465,0.00166465,0.00166465,0.00126870,0.00716482,0.01951922,0.00317240,0.00092322,0.00039603,0.00016655,0.00042587,0.00030609,0.00008553,0.00107413,0.00201435,0.00054465,0.00077544,0.00895605,0.00846923,0.00457485,0.01589616,0.00078467,0.00380229,0.00009674,0.00021961,0.00369451,0.00354848,0.00567004,0.00980748,0.00287753,0.00950769,0.00286411,0.00697772,0.00488572,0.00601900,0.00598153,0.00707259,0.02760016,0.00085085,0.00000000
0.00047577,0.00104417,0.00054627,0.00104401,0.00093789,0.00172519,0.00107409,0.00071015,0.00076410,0.00076624,0.00084123,0.00060717,0.00086962,0.00070872,0.00063502,0.00082076,0.00223100,0.00086281,0.00072394,0.00045232,0.00077119,0.00100068,0.00076960,0.00022961,0.00071553,0.00075713,0.00067442,0.00065485,0.00051413,0.00099717,0.00379410,0.00076942,0.00169896,0.00116933,0.00152591,0.00122353,0.00283424,0.00273701,0.00238392,0.00148898,0.00141962,0.00057885,0.00794643,0.00113824,0.00124886,0.02564558,0.00098599,0.00057502,0.00332913,0.00554005,0.00078769,0.00067500,0.00006475,0.00231645,0.00077332,0.01287813,0.00085662,0.00024661,0.00131570,0.00199165,0.00102166,0.00020035,0.00012979,0.00053872,0.00021386,0.00033279,0.00048469,0.00048469,0.00048469,0.00018914,0.00048432,0.00438302,0.00024964,0.00036300,0.00029572,0.00010386,0.00021098,0.00011032,0.00009162,0.00024576,0.00016739,0.00008265,0.00011700,0.00052980,0.00155104,0.00029198,0.00077504,0.00020956,0.00437229,0.00005479,0.00006786,0.01056929,0.00074587,0.00046943,0.00229187,0.00046916,0.00064816,0.00075639,0.00035661,0.00177903,0.00076796,0.00130706,0.00058297,0.00753040,0.00249608,0.00000000
0.00200269,0.03042614,0.00297373,0.03142149,0.02243923,0.01388905,0.01432382,0.00574895,0.00393078,0.00399936,0.00369214,0.00564096,0.00928836,0.00597410,0.00344663,0.00737504,0.04510189,0.01876818,0.00411494,0.00110171,0.00637581,0.01536880,0.00970009,0.00202037,0.00454236,0.00298270,0.00325877,0.00361253,0.00158380,0.01029544,0.00287475,0.00346928,0.01767169,0.01069658,0.01046071,0.00443800,0.00864082,0.00317226,0.01303445,0.00462627,0.00696455,0.00165026,0.00435643,0.00735443,0.00418546,0.01045427,0.03681473,0.00415407,0.02169907,0.01593267,0.00542667,0.01146517,0.00032241,0.00789331,0.00385316,0.00897573,0.00371460,0.00211480,0.00359604,0.01462836,0.00244050,0.00101022,0.00044362,0.00319256,0.00111501,0.00166075,0.00238223,0.00238223,0.00238223,0.00135307,0.00117558,0.01017252,0.00090105,0.00179761,0.00033270,0.00016782,0.00034883,0.00059990,0.00007431,0.00038050,0.00057483,0.00035041,0.00052134,0.00233382,0.00476647,0.00240861,0.00157790,0.00083637,0.01536730,0.00020588,0.00033767,0.01036495,0.01219048,0.00186625,0.00131022,0.00054636,0.00131388,0.00147142,0.00053891,0.00164691,0.00510247,0.00682089,0.00222714,0.00896325,0.00140503,0.00000000
0.00030551,0.02025022,0.00008101,0.00131868,0.00088749,0.00303449,0.00106608,0.00033359,0.00038328,0.00030942,0.00040007,0.00024129,0.00072300,0.00046348,0.00025566,0.00055069,0.00256863,0.00067491,0.00032873,0.00025749,0.00052115,0.00096092,0.00041759,0.00008909,0.00031118,0.00058912,0.00028593,0.00031072,0.00013818,0.00033868,0.00033274,0.00038408,0.00135908,0.00061976,0.00121560,0.00040644,0.00111650,0.00087704,0.00108806,0.00143036,0.01796279,0.00073009,0.00079929,0.00070861,0.01572500,0.00309310,0.00120148,0.00012316,0.00156503,0.00060849,0.00014999,0.00073234,0.00545347,0.00202338,0.00039260,0.00221002,0.11823241,0.00278326,0.00255218,0.00066787,0.03414747,0.00009760,0.00011824,0.00906383,0.00112273,0.00013801,0.00016380,0.00016380,0.00016380,0.00014460,0.00027500,0.00314895,0.00097739,0.00168998,0.00065204,0.00046196,0.00101651,0.00025893,0.00016827,0.00030016,0.00023256,0.00016376,0.00197015,0.00101217,0.00427623,0.00046134,0.00087375,0.00009734,0.03468453,0.00199594,0.00010986,0.00757856,0.00074498,0.00034154,0.00117237,0.00089695,0.00084871,0.00243831,0.00022462,0.00142261,0.00025678,0.00302800,0.00046580,0.00093252,0.00016178,0.00000000
0.00002937,0.00002080,0.00894419,0.00006387,0.00448001,0.00005333,0.00185069,0.00002768,0.00004263,0.00003860,0.00003484,0.00002751,0.00004985,0.00004008,0.00004755,0.00004237,0.00006639,0.00002286,0.00033569,0.00010845,0.00004124,0.00006823,0.00003231,0.00000553,0.00004102,0.00005703,0.00003389,0.00003514,0.00001683,0.00002433,0.00002311,0.00004041,0.00007148,0.00004468,0.00007656,0.00001392,0.00007454,0.00027630,0.00006483,0.00009795,0.00023923,0.16840852,0.00004951,0.00004460,0.00016372,0.00009671,0.05177647,0.00001470,0.00015378,0.00001605,0.00001042,0.00001670,0.00000594,0.00005004,0.00005879,0.00005540,0.00002934,0.00006149,0.00005451,0.00005529,0.00008200,0.02350858,0.00002587,0.00004138,0.00002983,0.00002284,0.00002666,0.00002666,0.00002666,0.00004011,0.00003492,0.00003387,0.00010876,0.00003959,0.00002404,0.00003713,0.00010911,0.00004019,0.00000527,0.00025174,0.00004003,0.00002568,0.00002910,0.00005649,0.00037846,0.00005915,0.00017825,0.00001625,0.00003022,0.00001559,0.00001979,0.00001179,0.00004133,0.00004743,0.00156736,0.00002490,0.00003145,0.00002395,0.00011453,0.00002783,0.00003495,0.00003431,0.00003745,0.00002361,0.00003061,0.00000000
0.00027712,0.00047840,0.00008790,0.00093950,0.00046154,0.00067849,0.00087097,0.00025821,0.00036285,0.00038505,0.00024005,0.00022257,0.00037664,0.00036356,0.00033285,0.00040853,0.00109649,0.00041538,0.00017529,0.00054102,0.00065240,0.00071787,0.00060538,0.00009712,0.00036839,0.00032767,0.00022828,0.00028134,0.00025433,0.00024529,0.00023639,0.00037811,0.00082774,0.00038456,0.00083899,0.00262963,0.00095369,0.00055093,0.00103274,0.00167138,0.00073255,0.00092476,0.02014404,0.00080831,0.00053931,0.00086288,0.00059703,0.00350740,0.00080799,0.00026897,0.00007441,0.00029591,0.00003403,0.00042838,0.00044276,0.00064767,0.00028055,0.00035183,0.00032123,0.00033198,0.00065169,0.00012749,0.00358798,0.00025237,0.00017160,0.00011084,0.00012402,0.00012402,0.00012402,0.00016338,0.00022499,0.00024914,0.00049667,0.00020776,0.00017727,0.00023690,0.00015160,0.00018405,0.00009700,0.00035208,0.00017664,0.00012003,0.00015710,0.00149210,0.00427003,0.00031671,0.00107509,0.00008070,0.00032631,0.00008244,0.00012290,0.00021731,0.00032384,0.00035937,0.01558837,0.00013110,0.00030770,0.00014067,0.00052392,0.00097079,0.00016760,0.00025047,0.00022934,0.00027655,0.00011001,0.00000000
0.00014900,0.00013187,0.00023017,0.00005628,0.00024035,0.00065892,0.00034363,0.00026079,0.00029779,0.00029983,0.00027143,0.00022025,0.00029052,0.00020679,0.00025446,0.00024398,0.00041761,0.00019946,0.00014028,0.00008128,0.00021287,0.00020892,0.00025504,0.00009452,0.00025976,0.00021776,0.00023077,0.00022948,0.00010984,0.00037254,0.00010442,0.00023468,0.00057296,0.00042610,0.00037871,0.00017355,0.00028683,0.01891922,0.00038688,0.00024944,0.00037195,0.00009050,0.00020474,0.00981733,0.00022258,0.00029249,0.00008648,0.00027132,0.01831071,0.00027159,0.00027795,0.00024522,0.00001559,0.00017609,0.00028168,0.00009879,0.00010351,0.00007879,0.00014569,0.01017251,0.00010364,0.00007371,0.00002949,0.00020984,0.00007231,0.00012079,0.00017204,0.00017204,0.00017204,0.00006488,0.00004298,0.00037213,0.00006403,0.00011993,0.00001770,0.00001138,0.00001729,0.00004175,0.00000398,0.00012818,0.00004055,0.00002559,0.00003322,0.00009351,0.00031109,0.00003125,0.00009361,0.00006759,0.00034193,0.00001187,0.00002320,0.00005598,0.00012920,0.00012476,0.00005771,0.00003062,0.00069238,0.00009491,0.00003653,0.00009119,0.00029316,0.00019585,0.00021959,0.00005888,0.00009281,0.00000000
0.00022842,0.00033534,0.00020449,0.00024292,0.00013254,0.00021860,0.00021153,0.00024914,0.00035334,0.00027176,0.00033532,0.00023736,0.00030237,0.00026385,0.00023221,0.00021983,0.00061604,0.00026193,0.00112868,0.00040492,0.00039264,0.00069206,0.00143188,0.00004129,0.00023310,0.00031070,0.00023567,0.00021948,0.00017829,0.00021485,0.00014500,0.00022510,0.00028690,0.00027822,0.00050248,0.00011942,0.00048093,0.00033469,0.00040447,0.00048595,0.00048064,0.00328389,0.00025198,0.00022991,0.02591008,0.00085518,0.00038911,0.00006320,0.00040519,0.00008282,0.00002726,0.00005707,0.00002935,0.00024742,0.00017073,0.00109917,0.00048267,0.00015587,0.00014917,0.00017258,0.00024914,0.00013687,0.00007490,0.00011020,0.00005644,0.00010666,0.00017274,0.00017274,0.00017274,0.00104218,0.00007528,0.00009042,0.00006246,0.00003561,0.00012326,0.00010205,0.00012252,0.00003792,0.00004049,0.00016719,0.00006913,0.00002145,0.00002849,0.00008690,0.00010605,0.00007901,0.00019016,0.00009578,0.00019553,0.00002489,0.00007192,0.00008731,0.00027849,0.00007629,0.00209024,0.00092510,0.00062804,0.00074167,0.00017774,0.00053799,0.00008406,0.00086439,0.00019633,0.00032575,0.00011401,0.00000000
0.00171781,0.00147538,0.00084954,0.00848927,0.00076325,0.00155652,0.00179151,0.00099438,0.00093538,0.00079181,0.00084123,0.00071781,0.00130001,0.00092272,0.00080164,0.00064329,0.00242121,0.00081296,0.00247219,0.00418748,0.00259124,0.00243821,0.00574901,0.00018759,0.00078362,0.00087446,0.00070893,0.00091052,0.00074510,0.00110284,0.00133317,0.00073752,0.00184052,0.00179514,0.00117028,0.00042703,0.00116582,0.00316454,0.00187390,0.00120296,0.00139501,0.00152236,0.00080639,0.00087713,0.00172393,0.04025526,0.00328211,0.00030110,0.00457565,0.00096326,0.00057311,0.00050602,0.00047815,0.00181817,0.00947749,0.00141045,0.00038104,0.00026143,0.00036250,0.00110083,0.00114183,0.00268866,0.00017184,0.00076549,0.00126202,0.00051128,0.00065012,0.00065012,0.00065012,0.00056075,0.00133365,0.00079241,0.00087218,0.00021466,0.00047808,0.00023169,0.00126683,0.00046258,0.00003769,0.00036507,0.00035774,0.00005283,0.00006831,0.00058154,0.00164718,0.00094244,0.00330246,0.00454459,0.00065235,0.00002340,0.00005350,0.00055348,0.00347596,0.00028713,0.00061792,0.00089861,0.00470120,0.00085136,0.00142895,0.00079333,0.00304001,0.00289439,0.00064211,0.00416071,0.00030010,0.00000000
0.00000304,0.00016870,0.01354746,0.00017932,0.00348675,0.00003601,0.00276715,0.00001723,0.00000445,0.00000459,0.00000429,0.00001938,0.00003607,0.00002206,0.00000425,0.00002802,0.00023627,0.00009790,0.00001365,0.00000117,0.00002432,0.00007526,0.00003744,0.00000575,0.00000967,0.00000742,0.00000578,0.00000745,0.00000158,0.00003648,0.00001067,0.00000621,0.00006570,0.00003697,0.00004312,0.00000309,0.00003675,0.00004587,0.00005132,0.00001581,0.00004207,0.03095650,0.00000788,0.00000905,0.00000751,0.00003979,0.02936824,0.00000613,0.00017804,0.00007498,0.00001390,0.00005170,0.00000054,0.00003476,0.00000517,0.00004257,0.00000276,0.00000671,0.00001188,0.00002448,0.00000163,0.01432096,0.00000082,0.00000453,0.00000170,0.00000273,0.00000351,0.00000351,0.00000351,0.00000130,0.00000447,0.00003534,0.00000707,0.00000402,0.00000177,0.00000411,0.00012213,0.00000249,0.00000019,0.00003994,0.00000230,0.00000133,0.00000182,0.00000930,0.00008882,0.00001251,0.00000243,0.00000154,0.00006320,0.00000059,0.00000086,0.00005349,0.00006537,0.00000368,0.00026744,0.00000093,0.00000180,0.00000217,0.00001527,0.00000231,0.00001182,0.00002674,0.00000356,0.00004699,0.00000187,0.00000000
0.00002497,0.00003884,0.00002050,0.00006362,0.00004644,0.00006550,0.00008959,0.00003095,0.00004423,0.00004831,0.00003552,0.00003094,0.00003628,0.00003131,0.00003966,0.00003624,0.00006261,0.00004385,0.00002117,0.00002859,0.00003264,0.00004002,0.00005304,0.00001413,0.00004115,0.00002327,0.00002761,0.00003048,0.00002277,0.00003715,0.00002459,0.00002926,0.00008640,0.00004093,0.00004457,0.00002160,0.00003931,0.00002600,0.00004331,0.00003490,0.00003282,0.00002109,0.01849221,0.00008027,0.00002360,0.00003490,0.00003444,0.03945037,0.00008525,0.00002694,0.00001784,0.00003811,0.00000399,0.00003450,0.00006367,0.00003184,0.00001859,0.00003351,0.00003295,0.00007525,0.00005203,0.00001438,0.04605657,0.00003033,0.00001906,0.00001724,0.00002310,0.00002310,0.00002310,0.00003592,0.00002154,0.00003178,0.00005874,0.00002557,0.00002006,0.00001654,0.00001817,0.00002270,0.00001106,0.00001922,0.00002041,0.00001445,0.00001902,0.00018273,0.00006068,0.00002638,0.00008646,0.00001134,0.00003770,0.00000977,0.00001437,0.00001331,0.00002196,0.00003227,0.00063819,0.00001572,0.00003059,0.00001759,0.00003265,0.00005650,0.00002748,0.00003582,0.00002867,0.00001513,0.00001161,0.00000000
0.00219504,0.00264147,0.00526015,0.00090992,0.00700243,0.01886171,0.00908831,0.00551374,0.00598856,0.00649281,0.00514392,0.00491825,0.00600818,0.00395363,0.00596698,0.00585627,0.00659398,0.00438325,0.00245719,0.00088193,0.00475417,0.00360001,0.00568200,0.00253386,0.00579552,0.00370266,0.00497358,0.00510961,0.00176142,0.00972196,0.00172866,0.00558752,0.01589995,0.01050935,0.00749827,0.00426995,0.00533455,0.01304997,0.00775671,0.00345390,0.00803327,0.00064036,0.00414168,0.01790387,0.00435397,0.00400710,0.00243345,0.00778354,0.05031145,0.00776647,0.00828398,0.00722842,0.00035640,0.00358015,0.00730938,0.00075485,0.00251355,0.00183241,0.00365620,0.03188144,0.00227442,0.00189964,0.00036774,0.00574975,0.00189110,0.00292382,0.00404689,0.00404689,0.00404689,0.00081534,0.00080559,0.01047097,0.00085239,0.00332426,0.00010399,0.00004650,0.00014724,0.00090117,0.00002744,0.00030914,0.00087471,0.00054191,0.00072246,0.00170456,0.00450470,0.00064562,0.00226774,0.00134702,0.00995867,0.00022710,0.00050991,0.00103814,0.00276924,0.00328502,0.00025706,0.00055043,0.00208105,0.00247517,0.00053073,0.00221456,0.00839233,0.00533576,0.00400624,0.00048099,0.00220859,0.00000000
0.01076102,0.00295333,0.01361606,0.01886322,0.00337331,0.05043400,0.01403612,0.01784456,0.02490821,0.03315400,0.01425632,0.02640552,0.02831213,0.02281173,0.01718970,0.01848964,0.01449190,0.01353694,0.00677710,0.01003884,0.02076619,0.04253269,0.02104952,0.00808480,0.01053043,0.01125089,0.00940313,0.09903893,0.03200825,0.04945116,0.00645206,0.02853811,0.03253542,0.05721798,0.01941501,0.03200774,0.01828991,0.00872692,0.00730815,0.00899126,0.00745721,0.01107959,0.00778609,0.00874951,0.01184775,0.01193387,0.00323049,0.00794522,0.01417365,0.43910887,0.32431939,0.07108193,0.02395499,0.00669206,0.00302944,0.00422874,0.01015238,0.01035175,0.02519958,0.03648983,0.00524216,0.00081063,0.00130337,0.01327482,0.00508091,0.03312839,0.02025657,0.02025657,0.02025657,0.00202223,0.00398494,0.01418065,0.00548864,0.01510732,0.00277442,0.00041832,0.00562497,0.01316264,0.00856144,0.00501072,0.00524127,0.00220247,0.00431675,0.00471935,0.00639732,0.00123721,0.00405488,0.00504977,0.00306155,0.00287680,0.00598807,0.00110545,0.00756812,0.00847567,0.00567458,0.00693676,0.00862690,0.00658286,0.01062987,0.02427648,0.01169530,0.02541058,0.01553134,0.00366616,0.00678266,0.00000000
0.00085898,0.00069211,0.00130628,0.00146915,0.00048009,0.00905346,0.00178760,0.00348370,0.00871323,0.02847396,0.00500415,0.00952892,0.01117645,0.01213101,0.00518919,0.01002367,0.00261316,0.00309515,0.00202440,0.00378136,0.00663013,0.02008333,0.00410388,0.00109570,0.00194856,0.00304727,0.00280749,0.03998538,0.02205739,0.03081001,0.00236198,0.00836322,0.01143557,0.02541695,0.00803181,0.00990106,0.00539876,0.00191360,0.00178996,0.00233464,0.00189328,0.00189923,0.00209742,0.00216047,0.00277885,0.00165582,0.00026054,0.00289704,0.00744154,0.13238534,0.25534057,0.00665900,0.00198716,0.00126927,0.00103348,0.00172062,0.00184441,0.00164646,0.00392130,0.00314808,0.00085204,0.00006522,0.00061281,0.00204916,0.00109207,0.00615658,0.00538627,0.00538627,0.00538627,0.00030871,0.00066522,0.00133316,0.00059447,0.00183776,0.00050891,0.00007715,0.00069718,0.00246885,0.00069127,0.00157643,0.00102476,0.00033854,0.00067713,0.00112330,0.00150343,0.00023319,0.00064764,0.00102816,0.00071567,0.00076723,0.00132147,0.00015324,0.00270510,0.00118169,0.00182887,0.00240375,0.00306630,0.00240323,0.00218409,0.00634337,0.00596803,0.00817732,0.00864413,0.00047956,0.00193451,0.00000000
0.00114674,0.00002612,0.00227332,0.01012399,0.00037087,0.00157649,0.00103880,0.00194350,0.00340787,0.00474964,0.00173851,0.00283068,0.00156542,0.00199706,0.00114595,0.00266060,0.00433675,0.00123145,0.00089771,0.00202224,0.00149137,0.00274478,0.00138809,0.00125075,0.00130458,0.00169913,0.00123381,0.00421282,0.00265639,0.00549089,0.00028537,0.00099621,0.00109917,0.00215676,0.00160843,0.00075683,0.00132345,0.00063727,0.00058549,0.00052142,0.00028220,0.00172644,0.00075864,0.00093364,0.00076577,0.00250907,0.00058774,0.00129538,0.00044220,0.00093444,0.00028409,0.07859983,0.02470000,0.00658877,0.00164979,0.00110456,0.00196262,0.00079011,0.00188735,0.00080422,0.00083875,0.00030410,0.00028107,0.00128534,0.00053778,0.00809578,0.00381377,0.00381377,0.00381377,0.00017693,0.00033035,0.00027605,0.00043554,0.00029196,0.00009777,0.00140723,0.00007508,0.00183533,0.00005730,0.00082031,0.00075709,0.00027392,0.00031865,0.00106670,0.00046539,0.00246216,0.00055054,0.00071502,0.00087350,0.00054164,0.00026944,0.00061136,0.00140870,0.00118488,0.00206243,0.00130426,0.00104986,0.00259747,0.00229734,0.00688500,0.00146750,0.00523441,0.00188719,0.00336122,0.00207544,0.00000000
0.00020085,0.00000332,0.00090920,0.00000896,0.00011120,0.00001896,0.00002654,0.00155671,0.00153866,0.00234309,0.00132653,0.00013527,0.00058289,0.00128448,0.00000950,0.00125665,0.00056186,0.00080139,0.00000451,0.00196266,0.00019011,0.00163071,0.00010866,0.00024195,0.00000934,0.00001166,0.00090886,0.00021305,0.00354191,0.01296031,0.00056800,0.00034885,0.00011994,0.00013311,0.00002575,0.00044193,0.00119191,0.00019801,0.00001217,0.00026997,0.00009667,0.00117709,0.00065505,0.00001618,0.00052620,0.00001840,0.00057737,0.00000658,0.00001659,0.00015699,0.00004149,0.00688480,0.04300043,0.06786425,0.00002002,0.00077313,0.00021992,0.00066245,0.00065493,0.00003635,0.00037397,0.00001081,0.00016842,0.00025783,0.00029297,0.00191075,0.00055288,0.00055288,0.00055288,0.00005456,0.00004307,0.00004522,0.00018106,0.00023393,0.00006870,0.00008797,0.00021159,0.00037073,0.00002775,0.00015728,0.00018206,0.00004246,0.00013224,0.00036157,0.00006552,0.00003774,0.00076666,0.00001378,0.00016035,0.00002552,0.00004472,0.00000241,0.00212984,0.00033862,0.00435290,0.00031517,0.00244786,0.00055627,0.00011393,0.00125331,0.00140390,0.00118922,0.00001790,0.00018962,0.00080829,0.00000000
0.00503104,0.00034273,0.00878785,0.01106951,0.00071886,0.00093986,0.00136590,0.00333183,0.00383354,0.00534122,0.00265294,0.00167779,0.00287020,0.00270177,0.00200935,0.00466914,0.00425467,0.00176109,0.00032273,0.00347223,0.00295498,0.00638307,0.00195376,0.00203226,0.00424113,0.00194836,0.00249220,0.00055447,0.00444743,0.00039112,0.00103030,0.00228602,0.00256106,0.00192422,0.01920109,0.00030884,0.00123459,0.00058381,0.00151459,0.00063500,0.00354396,0.00643187,0.00241218,0.00303651,0.00245237,0.00271413,0.00129936,0.00166898,0.00251567,0.00009359,0.00019219,0.00807995,0.00958964,0.10998536,0.02607414,0.00191851,0.00231890,0.00191715,0.00393579,0.00080475,0.00411863,0.00019748,0.00034697,0.00222505,0.00156745,0.00412239,0.00452388,0.00452388,0.00452388,0.00082799,0.00061701,0.00035373,0.00065524,0.00036756,0.00052443,0.00023055,0.00114020,0.00226769,0.00029597,0.00110528,0.00066884,0.00063932,0.00061595,0.00124240,0.00046158,0.00083084,0.00117142,0.00238924,0.00070756,0.00055500,0.00059209,0.00070449,0.00804543,0.00107920,0.00212951,0.00098688,0.00498817,0.00151247,0.00186989,0.00688505,0.00917636,0.00448474,0.00131798,0.00341924,0.00150706,0.00000000
0.00000001,0.00000002,0.00000000,0.00000003,0.00000001,0.00000000,0.00000004,0.00000001,0.00000002,0.00000000,0.00000001,0.00000000,0.00000000,0.00000000,0.00000000,0.00000000,0.00000000,0.00000015,0.00000000,0.00000024,0.00000000,0.00000092,0.00000060,0.00000002,0.00000000,0.00000000,0.00000012,0.00000001,0.00000019,0.00000000,0.00000004,0.00000080,0.00000036,0.00000000,0.00000009,0.00000019,0.00000055,0.00000023,0.00000212,0.00000057,0.00000379,0.00000120,0.00000401,0.00000121,0.00000218,0.00000097,0.00000142,0.00000000,0.00000032,0.00000012,0.00000015,0.00000012,0.00000010,0.01456604,0.16692645,0.00000099,0.00000108,0.00000145,0.00000330,0.00000000,0.00000051,0.00000027,0.00000188,0.00000221,0.00000013,0.00000208,0.00000171,0.00000171,0.00000171,0.00000091,0.00003255,0.00000182,0.00000120,0.00000000,0.00000093,0.00000044,0.00000010,0.00000173,0.00000014,0.00009098,0.00000359,0.00000044,0.00000031,0.00000128,0.00001885,0.00000306,0.00000113,0.00000066,0.00000042,0.00000082,0.00000162,0.00000000,0.00000042,0.00000113,0.00246314,0.00021129,0.00000105,0.00000069,0.00000008,0.00000070,0.00000207,0.00013536,0.00000000,0.00000097,0.00000168,0.00000000
0.00576275,0.00775142,0.00208790,0.01029426,0.00519958,0.00044840,0.01693114,0.00250240,0.00292137,0.00061966,0.00166290,0.00050740,0.00060110,0.00073277,0.00134067,0.00048929,0.00048855,0.00050724,0.00075964,0.00077813,0.00124067,0.00052786,0.00071293,0.00733208,0.00092839,0.00041390,0.00032371,0.00601946,0.00138773,0.00085686,0.00034450,0.00582599,0.01766634,0.00076821,0.00051316,0.00025380,0.01170846,0.00065147,0.00052538,0.00199340,0.00355704,0.03192949,0.00042436,0.00993519,0.00070416,0.00189349,0.00301478,0.00018790,0.01867868,0.02100727,0.01399178,0.01557775,0.02367763,0.01159990,0.00108772,0.30854712,0.00292314,0.01439012,0.00927987,0.00220983,0.00178822,0.00046761,0.00116574,0.00690359,0.00155794,0.00232074,0.00156142,0.00156142,0.00156142,0.00087210,0.00138781,0.00265242,0.00146267,0.00227340,0.00764377,0.00843506,0.00185137,0.01986830,0.04264693,0.08726671,0.00089522,0.00040354,0.01992588,0.01185147,0.00297134,0.00187663,0.01520135,0.00036936,0.00161061,0.00111413,0.00259918,0.00019970,0.01334980,0.00380879,0.03005014,0.00386243,0.00544821,0.00465065,0.00287619,0.01586691,0.00083162,0.00485630,0.00142452,0.00048482,0.00223297,0.00000000
0.01927249,0.01716931,0.00003302,0.00004212,0.00133107,0.00132402,0.00377461,0.00053346,0.00037088,0.00006099,0.00078512,0.00042456,0.00085233,0.00063946,0.00003735,0.00033396,0.00403178,0.00131274,0.00003619,0.00007098,0.00032167,0.00148260,0.00078969,0.00006379,0.00051956,0.00079258,0.00032081,0.00038097,0.00006044,0.00046028,0.00023463,0.00226266,0.00171991,0.00148232,0.00096651,0.00044677,0.00129691,0.00780770,0.00232343,0.01152138,0.08488940,0.00066188,0.00043690,0.04659581,0.00594375,0.00183468,0.00282119,0.00003411,0.01714958,0.00073206,0.00013495,0.00318495,0.00266908,0.00931564,0.00026639,0.00178435,0.09603671,0.00876557,0.00596929,0.00538970,0.03326849,0.00070211,0.00038820,0.00505598,0.01588796,0.00075514,0.00172097,0.00172097,0.00172097,0.00024678,0.00033349,0.00146119,0.00126382,0.00159772,0.00245390,0.00257587,0.00108081,0.00028306,0.00007185,0.00039468,0.00067824,0.00179659,0.00117415,0.00068496,0.00052758,0.00036763,0.00017118,0.00008611,0.06275680,0.00636257,0.00016521,0.00495633,0.00126118,0.00052000,0.00223322,0.00154491,0.00156671,0.00306628,0.00022511,0.00075846,0.00035059,0.00308857,0.00032316,0.00262629,0.00291452,0.00000000
0.05651456,0.07114679,0.07745962,0.01645477,0.00980660,0.04332021,0.02617663,0.06726528,0.10659142,0.08286350,0.07591359,0.07559603,0.05917131,0.05705914,0.07574923,0.05442054,0.07244956,0.07987428,0.07958170,0.06189969,0.05492418,0.09054473,0.06523172,0.01278760,0.07059063,0.05302111,0.07031409,0.06307792,0.06660040,0.06943997,0.04276457,0.04532615,0.05071852,0.05686968,0.10891843,0.04311485,0.06417877,0.03605090,0.06823332,0.07049544,0.05935727,0.05528409,0.04564580,0.04096330,0.05688971,0.06402526,0.03204384,0.01813015,0.04004727,0.00915297,0.00357028,0.00621237,0.00171705,0.02464274,0.01470991,0.03372643,0.00746273,0.01262993,0.00858587,0.00645997,0.01172555,0.01147587,0.01759933,0.00899408,0.00586450,0.02744906,0.04664015,0.04664015,0.04664015,0.04734608,0.01226994,0.01101661,0.00641445,0.00437600,0.00273108,0.00121568,0.00344103,0.00376394,0.00123579,0.00338974,0.00285062,0.00168544,0.00317666,0.01478892,0.01386662,0.00623109,0.01433038,0.02359825,0.00658221,0.00430099,0.00402008,0.01162397,0.01738338,0.00707542,0.01839244,0.00823830,0.02740488,0.00843347,0.00619281,0.01478858,0.00971569,0.01608753,0.01466252,0.02422116,0.01444276,0.00000000
0.01330447,0.01359734,0.02126079,0.00982670,0.00292717,0.01103934,0.00782907,0.02558400,0.02442436,0.03575483,0.02410871,0.03058897,0.02955506,0.02842419,0.03574252,0.01373731,0.02281675,0.05031049,0.06081967,0.01950449,0.01083051,0.01955350,0.01321925,0.00100791,0.01331944,0.01764355,0.01440774,0.01517695,0.01328721,0.01291810,0.00966019,0.01006047,0.01129016,0.01502326,0.03379165,0.01748191,0.02125547,0.01407611,0.02282806,0.02366674,0.02961786,0.01748186,0.01519137,0.01546092,0.02525317,0.03663145,0.00970433,0.00402916,0.01456956,0.00254559,0.00065032,0.00188253,0.00079396,0.00881684,0.00743544,0.00915193,0.01281686,0.00496620,0.00420895,0.00368895,0.00565888,0.00372962,0.00282585,0.00393552,0.00243659,0.01100392,0.02050059,0.02050059,0.02050059,0.02735797,0.02509556,0.00383080,0.00418020,0.00169223,0.00152119,0.00085018,0.00189455,0.00172340,0.00029746,0.00169364,0.00148573,0.00079022,0.00138848,0.00453189,0.00442126,0.00378654,0.00851835,0.00676297,0.00612469,0.00103021,0.00095905,0.00484489,0.00713321,0.00297973,0.00724322,0.00480336,0.01108130,0.00530840,0.00332419,0.01514872,0.00576991,0.01065897,0.00771075,0.00927608,0.00828023,0.00000000
0.00000544,0.00133758,0.00000332,0.00000988,0.00044314,0.00346375,0.00039859,0.00000612,0.00000745,0.00078402,0.00010313,0.00000555,0.00000645,0.00000584,0.00000496,0.00080095,0.00000624,0.00026822,0.00000404,0.00000781,0.00000694,0.00000616,0.00000487,0.00000029,0.00000448,0.00000327,0.00000473,0.00000343,0.00000549,0.00000535,0.00000772,0.00000547,0.00021841,0.00000576,0.00260829,0.00000409,0.00031089,0.00041524,0.00012042,0.00000382,0.00008602,0.00001436,0.00001064,0.00124504,0.00031487,0.00000524,0.00000374,0.00000654,0.00000822,0.00000266,0.00000410,0.00000534,0.00000469,0.00007388,0.00003541,0.00003811,0.00001129,0.00001498,0.00001966,0.13760740,0.00000898,0.00001656,0.00231027,0.00009537,0.00001187,0.00001467,0.00002083,0.00002083,0.00002083,0.00000884,0.00001171,0.00001679,0.00006962,0.00002101,0.00012851,0.00013130,0.00015505,0.00002613,0.00000160,0.00008601,0.00002290,0.00001206,0.00001833,0.00001453,0.00003247,0.00001220,0.00001658,0.00000776,0.00005952,0.00000793,0.00339041,0.00000391,0.00000979,0.00001231,0.00468995,0.00094353,0.00211946,0.00002174,0.00000838,0.00289838,0.00001807,0.00122489,0.00001878,0.00037744,0.00000764,0.00000000
0.01263104,0.01038338,0.00006948,0.08370511,0.00250296,0.06911125,0.00778556,0.01979045,0.03888973,0.03479937,0.00986652,0.01493105,0.02651195,0.01960267,0.01558691,0.02671943,0.03988933,0.01520191,0.00956138,0.02366391,0.03184326,0.03259880,0.01616999,0.00401758,0.05162724,0.00997953,0.01466855,0.03182130,0.01130507,0.01405274,0.00231950,0.02110868,0.06986605,0.00416319,0.01719596,0.01080282,0.01140573,0.00535011,0.01183487,0.01469268,0.00486351,0.00086454,0.00741250,0.01575654,0.01436029,0.01883309,0.00110314,0.01144570,0.00978082,0.00002069,0.00004009,0.00215018,0.00034498,0.01476441,0.01381269,0.00360389,0.01258690,0.05306392,0.03013743,0.01423347,0.12145279,0.00523561,0.00217840,0.02118724,0.02696348,0.00156428,0.00320433,0.00320433,0.00320433,0.00515663,0.00392256,0.00103826,0.00289018,0.00117459,0.00302421,0.00165473,0.00159448,0.00259650,0.00000703,0.00180323,0.00160043,0.00046556,0.00206607,0.00310421,0.00165923,0.00138833,0.00318787,0.00025923,0.01250956,0.00279703,0.00210295,0.00294255,0.00453324,0.00739087,0.00319306,0.00634289,0.00907621,0.00907778,0.00291976,0.00268922,0.00159919,0.00402347,0.00135897,0.00869192,0.00280694,0.00000000
0.00002379,0.00002755,0.02079162,0.00001344,0.00001172,0.00718994,0.00002510,0.00003984,0.00004848,0.00004577,0.00016182,0.00042317,0.00003931,0.00007942,0.00004288,0.00047914,0.00003568,0.00005233,0.00006014,0.00003558,0.00002734,0.00004047,0.00012456,0.00105292,0.00002893,0.00002616,0.00002950,0.00002658,0.00002985,0.00002915,0.00002221,0.00009860,0.00023671,0.00115275,0.00101315,0.00002435,0.00059571,0.00028870,0.00009208,0.00003392,0.00030265,0.00003902,0.00003025,0.00702121,0.00003448,0.00004197,0.00001696,0.00001008,0.00021394,0.00001294,0.00000669,0.00000780,0.00000591,0.00001944,0.00003140,0.00005755,0.00002187,0.00002334,0.00003588,0.00004691,0.00001272,0.06963234,0.00003493,0.00004012,0.00005109,0.00003940,0.00006195,0.00006195,0.00006195,0.00003959,0.00003632,0.00002678,0.00008164,0.00002352,0.00030767,0.00014562,0.00048692,0.00003479,0.00000351,0.00003844,0.00003776,0.00001568,0.00002244,0.00002406,0.00001900,0.00002771,0.00003069,0.00001890,0.00001433,0.00001304,0.02598330,0.00000789,0.00001815,0.00002060,0.00016925,0.00002522,0.00013305,0.00002474,0.00001455,0.00003863,0.00003127,0.00004562,0.00003644,0.00002360,0.00002173,0.00000000
0.00000802,0.00000807,0.00000878,0.00001087,0.00370126,0.00040925,0.00001986,0.00001451,0.00001525,0.00001450,0.00005585,0.00001450,0.00001510,0.00005568,0.00001336,0.00029670,0.00001203,0.00054627,0.00001879,0.00001691,0.00001142,0.00002112,0.00001488,0.00000048,0.00000832,0.00000789,0.00000986,0.00000696,0.00001175,0.00000927,0.00001124,0.00005449,0.00001003,0.00000999,0.00126799,0.00000931,0.00011111,0.00020180,0.00024391,0.00000953,0.00003971,0.00002122,0.00207869,0.00454432,0.00094800,0.00001435,0.00000660,0.00000733,0.00007541,0.00000989,0.00000664,0.00000726,0.00000578,0.00040628,0.00005955,0.00010036,0.00071774,0.00003366,0.00006152,0.00006799,0.00001593,0.01775399,0.13180698,0.02243335,0.00533237,0.00007210,0.00113124,0.00113124,0.00113124,0.00002710,0.00031694,0.00034379,0.00010166,0.00002652,0.00654180,0.00167243,0.00118910,0.00005114,0.00000188,0.00011251,0.00006886,0.00497365,0.00464930,0.00003141,0.00003122,0.00557195,0.00179934,0.00001794,0.00002257,0.00162511,0.12538125,0.00024628,0.00001697,0.00399111,0.00126440,0.00003044,0.00025954,0.00002614,0.00064414,0.00003473,0.00004686,0.00165495,0.00068593,0.00002244,0.00006048,0.00000000
0.00033803,0.00032705,0.02960768,0.00006838,0.00022943,0.00127522,0.00050685,0.00298778,0.00402427,0.00219259,0.00116992,0.00131164,0.00186355,0.00299477,0.00111112,0.01590959,0.00257876,0.00403570,0.02050477,0.01239173,0.00173553,0.00219522,0.00091427,0.00004241,0.00717932,0.00342569,0.00571204,0.00087163,0.00450937,0.00256406,0.00958273,0.00214061,0.00066466,0.00295123,0.00041266,0.00339654,0.00150903,0.00725015,0.00365534,0.01998850,0.02072532,0.00097751,0.00557454,0.00113765,0.00184205,0.00251484,0.00088358,0.00010393,0.00582098,0.00027511,0.00012968,0.00280984,0.00027726,0.00492546,0.00346996,0.00049680,0.00744506,0.05853991,0.03693386,0.18085224,0.01798112,0.08047844,0.00030780,0.12729947,0.04434306,0.00035464,0.00215795,0.00215795,0.00215795,0.00271525,0.00085851,0.00990419,0.00800648,0.00533119,0.01036154,0.00062605,0.00926900,0.00108612,0.00006072,0.00048690,0.00095594,0.00047216,0.00116840,0.00199372,0.00043828,0.00045350,0.00164882,0.00091864,0.01175870,0.00092343,0.00108212,0.00036625,0.00038017,0.01754709,0.00247912,0.00063719,0.00070222,0.00072249,0.00048658,0.00084680,0.00072369,0.00116680,0.00650845,0.00126108,0.00468825,0.00000000
0.00091129,0.00076204,0.00220028,0.00003308,0.00004904,0.00099432,0.00129228,0.00158854,0.01401416,0.00498948,0.00158866,0.00146405,0.00479947,0.00818886,0.00385478,0.00211500,0.00637852,0.00759631,0.00905068,0.03708685,0.00629441,0.00490496,0.00309638,0.00005383,0.01829981,0.01006919,0.00431851,0.00300151,0.00439219,0.00963318,0.00076137,0.00280168,0.00122278,0.00450942,0.00085433,0.00919108,0.00200239,0.00905376,0.00708094,0.00083529,0.00100504,0.00293476,0.00097739,0.00070768,0.00683015,0.00947589,0.00320120,0.00019638,0.00987442,0.00082606,0.00019632,0.00125064,0.00015819,0.00055325,0.00376385,0.00013593,0.00176494,0.01019806,0.01366374,0.00041756,0.00249211,0.00035797,0.00009906,0.00165601,0.14182650,0.00030026,0.00086660,0.00086660,0.00086660,0.01014300,0.00123078,0.00218921,0.00192701,0.02040185,0.01555560,0.00134160,0.02304107,0.00183202,0.00001236,0.00047345,0.00258678,0.00134450,0.00354155,0.00069120,0.00090569,0.00095123,0.00559285,0.00322988,0.00242172,0.00108114,0.00379316,0.00079249,0.00042580,0.00575420,0.00688309,0.00096981,0.00198207,0.00173052,0.00146441,0.00203318,0.00191222,0.00315317,0.02479569,0.00453498,0.00137592,0.00000000
0.00004282,0.00006911,0.00012435,0.00002965,0.00011843,0.00005074,0.00018818,0.00028900,0.00026116,0.00010603,0.00203909,0.00024658,0.00021923,0.00025368,0.00007558,0.00006581,0.00007823,0.00008061,0.00016973,0.00016555,0.00023918,0.00006769,0.00003026,0.00000644,0.00006029,0.00009001,0.00003979,0.00003296,0.00011650,0.00013350,0.00005658,0.00009370,0.00011273,0.00010272,0.00007240,0.00003942,0.00006047,0.00038361,0.00009069,0.00006912,0.00009920,0.00015416,0.00005451,0.00006469,0.00005830,0.00008808,0.00006662,0.00002554,0.00005210,0.00001995,0.00005357,0.00002350,0.00000998,0.00005476,0.00013348,0.00010208,0.00013843,0.00009849,0.00165939,0.00106840,0.00017905,0.00009861,0.01531383,0.00008905,0.00013789,0.02328139,0.00106827,0.00106827,0.00106827,0.00011541,0.00128134,0.00009537,0.00367875,0.00012734,0.00305984,0.00295134,0.00258958,0.00025518,0.00000465,0.00046466,0.00191436,0.00284486,0.00787443,0.00013352,0.00009186,0.00389650,0.00671764,0.00003224,0.00009369,0.00386336,0.06143519,0.00010588,0.00013263,0.00499410,0.00334042,0.00078974,0.00108485,0.00285445,0.00096656,0.00080811,0.00030955,0.00118874,0.00076940,0.00028120,0.00012990,0.00000000
0.00016500,0.00038635,0.00090404,0.00004593,0.00089219,0.00024502,0.00118160,0.00223179,0.00199429,0.00065209,0.01665057,0.00185992,0.00162418,0.00192952,0.00042883,0.00034782,0.00046533,0.00037166,0.00108646,0.00118153,0.00186995,0.00025780,0.00004530,0.00004582,0.00039971,0.00063156,0.00019933,0.00016690,0.00082324,0.00099802,0.00033764,0.00050394,0.00081006,0.00065170,0.00035049,0.00019256,0.00025136,0.00302486,0.00056025,0.00038660,0.00035712,0.00105896,0.00028408,0.00023028,0.00018730,0.00051144,0.00046260,0.00010472,0.00021492,0.00010167,0.00038206,0.00010321,0.00001260,0.00013492,0.00020605,0.00006906,0.00051041,0.00038173,0.00106181,0.00711485,0.00021778,0.00052989,0.00297638,0.00013231,0.00035701,0.00335942,0.00798381,0.00798381,0.00798381,0.00060918,0.00211979,0.00032010,0.00235099,0.00085844,0.00106176,0.00061748,0.00028864,0.00158909,0.00000735,0.00036409,0.00131827,0.00103947,0.00153201,0.00075180,0.00045563,0.00155598,0.00302098,0.00004357,0.00025156,0.00140904,0.00074725,0.00080986,0.00088984,0.00139319,0.00169949,0.00347414,0.00246713,0.00363476,0.00238161,0.00644549,0.00203127,0.00736213,0.00620234,0.00207412,0.00068563,0.00000000
0.00004315,0.00010104,0.00023643,0.00001201,0.00023333,0.00006408,0.00030902,0.00058367,0.00052156,0.00017054,0.00435457,0.00048642,0.00042477,0.00050462,0.00011215,0.00009096,0.00012170,0.00009720,0.00028414,0.00030900,0.00048904,0.00006742,0.00001185,0.00001198,0.00010453,0.00016517,0.00005213,0.00004365,0.00021530,0.00026101,0.00008830,0.00013179,0.00021185,0.00017044,0.00009166,0.00005036,0.00006574,0.00079108,0.00014652,0.00010111,0.00009340,0.00027695,0.00007430,0.00006022,0.00004899,0.00013376,0.00012098,0.00002739,0.00005621,0.00002659,0.00009992,0.00002699,0.00000330,0.00003529,0.00005389,0.00001806,0.00013349,0.00009983,0.00027769,0.00186072,0.00005695,0.00013858,0.00077840,0.00003460,0.00009337,0.00087858,0.00208798,0.00208798,0.00208798,0.00015932,0.00055438,0.00008372,0.00061485,0.00022451,0.00027768,0.00016149,0.00007549,0.00041559,0.00000192,0.00009522,0.00034476,0.00027185,0.00040066,0.00019661,0.00011916,0.00040693,0.00079007,0.00001139,0.00006579,0.00036850,0.00019543,0.00021180,0.00023272,0.00036436,0.00044446,0.00090858,0.00064522,0.00095059,0.00062286,0.00168567,0.00053123,0.00192539,0.00162208,0.00054244,0.00017931,0.00000000
0.00008010,0.00018756,0.00043888,0.00002230,0.00043313,0.00011895,0.00057363,0.00108347,0.00096817,0.00031657,0.00808335,0.00090293,0.00078849,0.00093672,0.00020818,0.00016886,0.00022590,0.00018043,0.00052744,0.00057360,0.00090780,0.00012515,0.00002199,0.00002225,0.00019405,0.00030660,0.00009677,0.00008103,0.00039966,0.00048451,0.00016392,0.00024465,0.00039326,0.00031638,0.00017015,0.00009348,0.00012203,0.00146848,0.00027198,0.00018768,0.00017337,0.00051409,0.00013791,0.00011179,0.00009093,0.00024829,0.00022458,0.00005084,0.00010434,0.00004936,0.00018548,0.00005010,0.00000612,0.00006550,0.00010003,0.00003352,0.00024779,0.00018532,0.00051548,0.00345404,0.00010572,0.00025724,0.00144494,0.00006423,0.00017332,0.00163090,0.00387590,0.00387590,0.00387590,0.00029574,0.00102909,0.00015540,0.00114134,0.00041675,0.00051545,0.00029977,0.00014013,0.00077145,0.00000357,0.00017675,0.00063998,0.00050463,0.00074374,0.00036497,0.00022119,0.00075538,0.00146659,0.00002115,0.00012213,0.00068404,0.00036277,0.00039316,0.00043199,0.00067635,0.00082505,0.00168659,0.00119772,0.00176457,0.00115620,0.00312909,0.00098612,0.00357409,0.00301105,0.00100692,0.00033285,0.00000000
0.00038407,0.00016823,0.00013931,0.00003836,0.00012445,0.00013467,0.00031159,0.00018874,0.00069593,0.00179714,0.00064508,0.00030674,0.00059157,0.00074869,0.00113192,0.00080862,0.00084717,0.00041881,0.00236895,0.00264585,0.00023457,0.00117531,0.00066946,0.00001830,0.00067958,0.00162050,0.00039050,0.00015718,0.00011922,0.00017259,0.00011556,0.00025386,0.00020267,0.00038998,0.00090156,0.00011130,0.00028024,0.00028772,0.00130904,0.00037933,0.00068768,0.00028538,0.00137257,0.00045131,0.00048336,0.00117590,0.00017700,0.00011602,0.00083907,0.00010460,0.00010415,0.00064569,0.00026102,0.00030385,0.00029818,0.00021225,0.00125088,0.00110299,0.00205854,0.00071309,0.00023019,0.00035812,0.00041626,0.00036656,0.00020678,0.00120128,0.00059984,0.00059984,0.00059984,0.01144425,0.00671410,0.00101823,0.00128523,0.00184995,0.00087867,0.00067927,0.00028505,0.00147281,0.00007180,0.00021444,0.00069236,0.00030374,0.00033071,0.00041360,0.00153285,0.00033901,0.00089656,0.00039249,0.00050151,0.00102480,0.00136534,0.00063447,0.00026986,0.00025856,0.00124707,0.00189902,0.00022534,0.00135059,0.00080345,0.00335039,0.00381360,0.00285278,0.00706657,0.00019702,0.00047221,0.00000000
0.00116696,0.00038916,0.00029868,0.00008555,0.00021845,0.00031022,0.00042496,0.00043134,0.00179964,0.00217222,0.00114195,0.00089989,0.00187604,0.00234734,0.00298291,0.00259409,0.00277867,0.00139965,0.00167318,0.00666917,0.00060282,0.00102442,0.00209166,0.00001607,0.00211958,0.00538342,0.00112350,0.00035769,0.00013455,0.00031724,0.00012414,0.00064467,0.00040814,0.00105529,0.00043489,0.00022901,0.00047082,0.00072454,0.00082932,0.00111815,0.00220037,0.00037224,0.00040431,0.00117123,0.00156243,0.00170864,0.00043729,0.00028338,0.00078801,0.00024998,0.00009941,0.00022207,0.00080039,0.00144488,0.00076708,0.00054691,0.00407160,0.00354189,0.00668989,0.00194209,0.00051478,0.00091917,0.00116267,0.00086265,0.00031812,0.00469497,0.00177306,0.00177306,0.00177306,0.00562608,0.18522822,0.00215835,0.00215767,0.00512638,0.00195121,0.00144871,0.00038058,0.00431522,0.00024284,0.00058872,0.00196351,0.00051816,0.00063000,0.00098659,0.00356166,0.00086338,0.00206375,0.00115058,0.00152015,0.00221493,0.00469070,0.00211220,0.00075523,0.00012682,0.00223305,0.00178476,0.00064712,0.00151227,0.00293068,0.01774389,0.03418219,0.00581061,0.02565613,0.00054563,0.00146860,0.00000000
0.00595391,0.00358649,0.00291647,0.00029793,0.00081824,0.00224788,0.00565467,0.00140110,0.00264230,0.00303023,0.00144276,0.00211342,0.00224538,0.00185323,0.00224712,0.00202716,0.00252221,0.00284956,0.00308217,0.00261567,0.00309779,0.00310186,0.00797020,0.00035830,0.00258732,0.00156047,0.00248498,0.00173519,0.00146516,0.00158597,0.00184375,0.00233815,0.00192178,0.00235605,0.00663076,0.00148536,0.00316410,0.00145377,0.00279719,0.00260612,0.00197361,0.00228298,0.00318053,0.00263028,0.00392296,0.00467538,0.00232109,0.00138431,0.00541542,0.00103585,0.00064213,0.00316610,0.00166050,0.00196120,0.00204250,0.00343512,0.00440826,0.00508658,0.00400855,0.00316499,0.00345362,0.00387787,0.00156423,0.00485450,0.00552745,0.00450856,0.00352010,0.00352010,0.00352010,0.00367195,0.01891127,0.04995689,0.00395914,0.01116209,0.01558436,0.00392783,0.03311121,0.01116936,0.00259013,0.00363668,0.00833371,0.00226615,0.00865666,0.00064635,0.00322698,0.00378972,0.00482355,0.00460448,0.00286555,0.00682110,0.00609482,0.00764646,0.00312441,0.00503905,0.01185472,0.00183319,0.00673238,0.00661270,0.00899096,0.00576544,0.02462103,0.00497520,0.00844589,0.04690804,0.00355175,0.00000000
0.00617995,0.00558290,0.00600582,0.00368614,0.00693847,0.00483418,0.01618287,0.00673676,0.01132400,0.01051782,0.00698572,0.00741244,0.00794778,0.00691249,0.01056891,0.01119657,0.01036428,0.00797891,0.00832244,0.01312673,0.00632302,0.00911944,0.00830442,0.00090945,0.01070585,0.00659395,0.00991645,0.00736695,0.00876395,0.00766938,0.01009137,0.00662527,0.00742581,0.00864859,0.01181939,0.00714417,0.01097545,0.00942646,0.01850666,0.00832735,0.01277586,0.01973233,0.01825015,0.01395848,0.00720560,0.01175546,0.00532051,0.00400393,0.01090802,0.00529754,0.00541636,0.00552837,0.00505820,0.00567106,0.00630675,0.00677586,0.01070697,0.01178461,0.01726555,0.01020281,0.00547016,0.00615036,0.00492169,0.01052401,0.00918797,0.00857025,0.00793975,0.00793975,0.00793975,0.01398752,0.01016997,0.02538713,0.09975274,0.03191056,0.01316510,0.00592958,0.02915338,0.02669847,0.00022756,0.00685600,0.02014841,0.01467631,0.02170476,0.01651507,0.02252811,0.00776501,0.02502392,0.01043869,0.00649723,0.01009668,0.00552329,0.00622771,0.00809926,0.01390426,0.01358610,0.00633802,0.01144068,0.00781717,0.00838848,0.01320971,0.01635294,0.00983482,0.01757861,0.01454655,0.00414569,0.00000000
0.00015611,0.00008153,0.00007772,0.00005173,0.00025047,0.00009774,0.00046304,0.00013728,0.00019093,0.00020682,0.00014978,0.00012127,0.00017718,0.00053425,0.00019121,0.00045723,0.00042200,0.00095043,0.00041120,0.00046448,0.00010658,0.00014267,0.00169637,0.00002203,0.00020563,0.00102120,0.00018583,0.00011649,0.00016142,0.00011989,0.00022982,0.00024680,0.00036946,0.00016868,0.00020551,0.00014398,0.00020895,0.00027673,0.00015194,0.00015973,0.00078004,0.00044271,0.00073514,0.00039383,0.00013535,0.00042440,0.00010757,0.00009435,0.00051211,0.00036822,0.00502945,0.00050248,0.00015013,0.00018262,0.00023772,0.00025651,0.00592586,0.00323641,0.00868713,0.00118955,0.00046228,0.00022581,0.00102655,0.00190826,0.00373025,0.00028718,0.00032003,0.00032003,0.00032003,0.00067623,0.00145572,0.03048613,0.00811472,0.02487050,0.00353177,0.00282371,0.00081669,0.00816583,0.00003689,0.00036278,0.00087928,0.00492996,0.00387569,0.00133434,0.00526201,0.00017046,0.00518486,0.00026040,0.00265346,0.00037483,0.00108912,0.00196858,0.00022065,0.00663191,0.00046743,0.00032298,0.00023779,0.00022672,0.00218944,0.00059337,0.01505701,0.00050410,0.00147933,0.00040720,0.00247989,0.00000000
0.03172409,0.01470070,0.01915048,0.24100362,0.03889852,0.05847810,0.06051713,0.00720957,0.02552956,0.02371265,0.01604026,0.02749992,0.02575172,0.04136916,0.01262445,0.03164603,0.00850988,0.02259578,0.06989817,0.03316828,0.02121342,0.02196852,0.01485188,0.01727932,0.02758246,0.01540870,0.05142314,0.03061459,0.04573485,0.03724408,0.02347081,0.02712421,0.03477949,0.04967795,0.01739606,0.03161499,0.02568728,0.00715326,0.02493325,0.01367294,0.02292687,0.01830203,0.04604193,0.10452836,0.02397986,0.02704984,0.01813075,0.02163088,0.01646967,0.00903674,0.00759766,0.02176744,0.00723187,0.02158285,0.00955867,0.00993562,0.01603078,0.01313542,0.01455369,0.01408710,0.01685122,0.01607272,0.01732870,0.02527633,0.02501985,0.01552174,0.01475452,0.01475452,0.01475452,0.00752669,0.00665390,0.01652433,0.01214162,0.01151032,0.02255531,0.02566723,0.00266354,0.10080304,-0.07985432,0.05963009,0.01666583,0.01499292,0.01482963,0.01810179,0.01078781,0.01632425,0.01991739,0.01156693,0.01852087,0.02001946,0.01682249,0.01005538,0.01503153,0.01327143,0.02324987,0.01270343,0.00487944,0.00865781,0.01804409,0.00311080,0.02007672,0.00702223,0.02000608,0.01341306,0.02035689,0.00000000
0.00520313,0.00447180,0.00498355,0.01005273,0.00290370,0.00564051,0.00420440,0.00680911,0.00598733,0.00939588,0.00633830,0.00560337,0.00554939,0.00535524,0.00798799,0.00479932,0.00544454,0.00570051,0.00295159,0.00412918,0.00568524,0.00641984,0.00475682,0.00885312,0.00521870,0.00381045,0.00612272,0.00620328,0.00490432,0.00714196,0.00314667,0.00525117,0.00493497,0.00546736,0.00907478,0.00466891,0.00527748,0.00391619,0.00529297,0.00509066,0.00723402,0.00594344,0.00731865,0.00713968,0.00540211,0.00532041,0.00404705,0.00471313,0.00421793,0.00203406,0.00136712,0.00351718,0.00140244,0.00588984,0.00613286,0.00532914,0.00522871,0.00513833,0.00562936,0.00679373,0.00401682,0.00299714,0.00619891,0.00637229,0.00420621,0.00506479,0.00573181,0.00573181,0.00573181,0.00391977,0.00665553,0.00538070,0.00588083,0.00544117,0.00176130,0.09563090,0.00039555,0.00712642,0.00757130,0.00426447,0.00417307,0.00224137,0.00500096,0.00510993,0.00488131,0.00561155,0.00535287,0.00228708,0.00350472,0.00522723,0.00849955,0.00355932,0.00424101,0.00545831,0.00135661,0.00202213,0.00122860,0.00195644,0.00329712,0.00263719,0.00422498,0.00454322,0.00393501,0.00483809,0.00312365,0.00000000
0.00034287,0.00026547,0.00007893,0.02033572,0.00029703,0.00165274,0.00253175,0.00086186,0.00027724,0.00025056,0.00063339,0.00075181,0.00024678,0.00059719,0.00077290,0.00071197,0.00029311,0.00027569,0.00097904,0.00041272,0.00019906,0.00056748,0.00069384,0.00160644,0.00064308,0.00440685,0.00564207,0.00384690,0.00748572,0.00023339,0.00052144,0.00095329,0.00128611,0.00260788,0.00343436,0.00086948,0.00133422,0.00127307,0.00254671,0.00073079,0.00162725,0.00062279,0.00194247,0.00715595,0.00045615,0.00114694,0.00014690,0.00077490,0.00078729,0.00032198,0.00045594,0.00091097,0.00161753,0.00499113,0.00216798,0.00263105,0.00174439,0.01573735,0.00367681,0.00353266,0.00099690,0.02620713,0.01737004,0.00313823,0.00312573,0.00105102,0.00146738,0.00146738,0.00146738,0.00296107,0.00106270,0.00502503,0.01297305,0.00825509,0.05677116,0.10774881,0.11668362,0.02390591,0.00009554,0.00132425,0.00834242,0.00206409,0.04583006,0.01742826,0.00347195,0.00112905,0.00902677,0.00047235,0.00674667,0.00526522,0.00099682,0.00377489,0.00471009,0.02459614,0.00041914,0.00069643,0.00051119,0.00045350,0.00143868,0.00072238,0.00378994,0.00066133,0.00084977,0.00546111,0.00152319,0.00000000
0.00004429,0.00003350,0.00002834,0.00002179,0.00001747,0.00002996,0.00008884,0.00003213,0.00006482,0.00006046,0.00004745,0.00003793,0.00005208,0.00005559,0.00007184,0.00009054,0.00009060,0.00007807,0.00004707,0.00018077,0.00003110,0.00018736,0.00014971,0.00000420,0.00005821,0.00018352,0.00006144,0.00002728,0.00005719,0.00002986,0.00002964,0.00017557,0.00002858,0.00006196,0.00005593,0.00003058,0.00010331,0.00003105,0.00006174,0.00004242,0.00006214,0.00003897,0.00003267,0.00004244,0.00014986,0.00006770,0.00001988,0.00001963,0.00005184,0.00004993,0.00010138,0.00002493,0.00002642,0.00021114,0.00040923,0.00043076,0.00024657,0.00030512,0.00064294,0.00015437,0.00010988,0.00008829,0.00036441,0.00039494,0.00004996,0.00040269,0.00031331,0.00031331,0.00031331,0.00025335,0.00045271,0.00941985,0.00031183,0.00026153,0.00056567,0.00039816,0.00005733,0.02680600,0.00018490,0.00199882,0.00073028,0.00010520,0.00026176,0.00157861,0.00026465,0.00049482,0.00022670,0.00013967,0.00012525,0.00018080,0.00036872,0.00004000,0.00014990,0.00024368,0.00031654,0.00026527,0.00018825,0.00013219,0.00007178,0.00016127,0.00057521,0.00028409,0.00009477,0.00017221,0.00029974,0.00000000
0.00000000,0.00000000,0.00000000,0.00000000,0.00000000,0.00000000,0.00000000,0.00000000,0.00000000,0.00000000,0.00000000,0.00000000,0.00000000,0.00000000,0.00000000,0.00000000,0.00000000,0.00000000,0.00000000,0.00000000,0.00000000,0.00000000,0.00000000,0.00000000,0.00000000,0.00000000,0.00000000,0.00000000,0.00000000,0.00000000,0.00000000,0.00000000,0.00000000,0.00000000,0.00000000,0.00000000,0.00000000,0.00000000,0.00000000,0.00000000,0.00000000,0.00000000,0.00000000,0.00000000,0.00000000,0.00000000,0.00000000,0.00000000,0.00000000,0.00000000,0.00000000,0.00000000,0.00000000,0.00000000,0.00000000,0.00000000,0.00000000,0.00000000,0.00000000,0.00000000,0.00000000,0.00000000,0.00000000,0.00000000,0.00000000,0.00000000,0.00000000,0.00000000,0.00000000,0.00000000,0.00000000,0.00000000,0.00000000,0.00000000,0.00000000,0.00000000,0.00000000,0.00000000,0.00000000,0.00000000,0.00000000,0.00000000,0.00000000,0.00000000,0.00000000,0.00000000,0.00000000,0.00000000,0.00000000,0.00000000,0.00000000,0.00000000,0.00000000,0.00000000,0.00000000,0.00000000,0.00000000,0.00000000,0.00000000,0.00000000,0.00000000,0.00000000,0.00000000,0.00000000,0.00000000,0.00000000
0.00007197,0.00008522,0.00009269,0.00001900,0.00002922,0.00005581,0.00006720,0.00014523,0.00020543,0.00010796,0.00015036,0.00009413,0.00007899,0.00007334,0.00009966,0.00008540,0.00010091,0.00156663,0.00009933,0.00240767,0.00006977,0.00916743,0.00599384,0.00001485,0.00009773,0.00007229,0.00128051,0.00008181,0.00192690,0.00008850,0.00041924,0.00782417,0.00006945,0.00007825,0.00090182,0.00074067,0.00456213,0.00006178,0.00146600,0.00009211,0.00009055,0.00010879,0.00009685,0.00007792,0.00677024,0.00009140,0.00004569,0.00002897,0.00031784,0.00067716,0.00117010,0.00083743,0.00036284,0.00729948,0.02141834,0.00066385,0.01057835,0.01395270,0.03220140,0.00003427,0.00499905,0.00264964,0.01848677,0.02154558,0.00123079,0.02038453,0.01682512,0.01682512,0.01682512,0.00905174,0.01383732,0.01791719,0.01210793,0.00009884,0.00901521,0.00335166,0.00099944,0.01655933,0.00033274,0.04780199,0.03526780,0.00440552,0.00264152,0.01169418,0.00925056,0.03008693,0.01088716,0.00650600,0.00414528,0.00803318,0.01588199,0.00001361,0.00381080,0.01108078,0.01506099,0.01042813,0.01026870,0.00666364,0.00051867,0.00427395,0.02032710,0.01352068,0.00005225,0.00940174,0.01642245,0.00000000
0.00051946,0.00278985,0.00270683,0.00978094,0.00533271,0.00548554,0.02860583,0.00344463,0.00525083,0.00010152,0.00429018,0.01378586,0.00998990,0.00213170,0.00828116,0.00346754,0.00386105,0.00319805,0.00032665,0.01445061,0.00087387,0.00267301,0.00147065,0.00014370,0.00484607,0.00526169,0.00672047,0.00804927,0.00553445,0.01515645,0.02070062,0.00205365,0.00360664,0.01003024,0.00901935,0.00310039,0.00063034,0.01297309,0.00795836,0.00764214,0.00160743,0.00645336,0.00137125,0.00133975,0.00136235,0.00557664,0.00300523,0.00023845,0.00331472,0.00443225,0.00353366,0.00272195,0.00072542,0.00207402,0.00499647,0.00318612,0.00169547,0.00445546,0.00368671,0.00113967,0.00098004,0.00157653,0.00312937,0.00344574,0.00028710,0.00196383,0.00128206,0.00128206,0.00128206,0.00821094,0.00773683,0.00892392,0.01430292,0.02560744,0.01152293,0.00318597,0.00431556,0.00909660,0.00203267,0.00430179,0.01885296,0.00040229,0.02571929,0.00287322,0.00615643,0.00496513,0.00757462,0.00084518,0.00978884,0.00469887,0.00613988,0.00176768,0.00218036,0.00849684,0.01703588,0.00228090,0.01116839,0.00352668,0.00618832,0.00280955,0.01302347,0.00863126,0.01311550,0.00495708,0.00103926,0.00000000
0.00166122,0.01721828,0.00556246,0.00005612,0.00151505,0.00118152,0.00228653,0.00257201,0.00370390,0.00666725,0.00543013,0.00566697,0.00610935,0.00415667,0.00183139,0.00927152,0.00523172,0.00728508,0.00240597,0.01043877,0.00672142,0.00416377,0.00337879,0.00040476,0.00260838,0.01039222,0.01193147,0.00127417,0.00625678,0.00556174,0.00950763,0.00398348,0.00506710,0.00596621,0.00591088,0.00072406,0.00172705,0.00190253,0.00417253,0.00485433,0.00195392,0.01009089,0.00187861,0.00284552,0.00174136,0.00898238,0.01895079,0.00024803,0.00569390,0.00549843,0.00994336,0.00258985,0.00054164,0.00222554,0.03303557,0.00080995,0.00390528,0.00804679,0.00618036,0.01144931,0.00249076,0.00174740,0.00175187,0.00421356,0.00205731,0.00255784,0.00491858,0.00491858,0.00491858,0.00860398,0.00881122,0.00704446,0.03750950,0.01414479,0.01443641,0.00187274,0.00154973,0.00916600,0.00000760,0.00298785,0.00885320,0.02900139,0.02902001,0.00767816,0.00654861,0.01526040,0.01329709,0.00148086,0.00489018,0.01608331,0.01089245,0.01877587,0.00103091,0.01109218,0.00315544,0.00466987,0.00389492,0.00787157,0.01311336,0.00742830,0.00811775,0.00882857,0.01872613,0.00592804,0.00584065,0.00000000
0.00255089,0.00138219,0.00065875,0.00149434,0.00181513,0.00138598,0.00297979,0.00193539,0.00186740,0.00196712,0.00114130,0.00112481,0.00251723,0.00193928,0.00283420,0.01112351,0.01087081,0.00589266,0.00219956,0.01167975,0.00104969,0.00124956,0.00219198,0.00010830,0.00171334,0.03935648,0.00139891,0.00068981,0.00110379,0.00092867,0.00107836,0.00643602,0.00125832,0.00186000,0.00131387,0.00053999,0.00113718,0.00199617,0.00114533,0.00122181,0.00261173,0.00169936,0.00192068,0.00196546,0.00167775,0.01062474,0.00104661,0.00095494,0.00764731,0.01155668,0.03336567,0.00085777,0.00134275,0.00282142,0.00548142,0.00155415,0.00446787,0.00778434,0.01078465,0.02305272,0.00288383,0.00467471,0.00735956,0.00677937,0.00434839,0.00440266,0.00163540,0.00163540,0.00163540,0.01284681,0.01275991,0.01759981,0.00657338,0.07145398,0.02693236,0.00441554,0.00161380,0.00523394,0.00037563,0.00597930,0.00969445,0.00551157,0.06197311,0.00622948,0.02211397,0.00211994,0.00940981,0.00132733,0.00686382,0.00784115,0.01600512,0.00195826,0.00152903,0.00237944,0.00736742,0.00494013,0.00130876,0.00176695,0.00521592,0.01295719,0.03311450,0.01198673,0.00393838,0.00380924,0.00447009,0.00000000
0.00580911,0.00063620,0.00063305,0.00935540,0.01765300,0.00396706,0.03862677,0.00277365,0.00307658,0.01145798,0.00293220,0.00289948,0.00195447,0.00338345,0.00218675,0.00209844,0.00237842,0.00861374,0.00075322,0.00308699,0.00150699,0.00131470,0.00073317,0.00618914,0.00254897,0.00430504,0.00113357,0.00083203,0.00334880,0.00075447,0.00672949,0.00136220,0.02008555,0.00225435,0.00266396,0.00335125,0.00670085,0.00442079,0.00687116,0.00682240,0.00080897,0.00141706,0.01164053,0.03679467,0.00095952,0.00210017,0.00041866,0.00027187,0.00725900,0.00332865,0.00187194,0.01586435,0.00050834,0.00965017,0.02442252,0.01689527,0.00163037,0.00103206,0.00314691,0.00198933,0.00155833,0.00095104,0.00140005,0.00251455,0.00059754,0.00161782,0.00082138,0.00082138,0.00082138,0.00159010,0.00421927,0.00143534,0.00411898,0.00424307,0.00902065,0.00270654,0.00264071,0.00311491,0.00950732,0.00157577,0.00315302,0.00086520,0.00438928,0.15309695,0.01195809,0.00172244,0.00717057,0.00056431,0.00193502,0.00253556,0.00393381,0.00344387,0.00236373,0.00111101,0.00483275,0.00196848,0.01094145,0.00157028,0.00497338,0.00228240,0.00186915,0.00840538,0.00252232,0.00043160,0.00050653,0.00000000
0.00131333,0.00244879,0.00068711,0.00442630,0.00177929,0.00142454,0.00212002,0.00097133,0.00137803,0.00113215,0.00073940,0.00097103,0.00135423,0.00149547,0.00341555,0.00155019,0.00352905,0.00208968,0.00102901,0.00484137,0.00408444,0.00449308,0.00509055,0.00025068,0.00083048,0.00255011,0.00078059,0.00086787,0.00070716,0.00131113,0.00698028,0.00098161,0.00300937,0.00145651,0.00194549,0.00049983,0.00213124,0.00158837,0.00306374,0.00172798,0.00118667,0.00122661,0.00174911,0.00222935,0.00118305,0.00938152,0.00275451,0.00041430,0.00203235,0.00209905,0.00182557,0.00097091,0.00023359,0.00166425,0.00268246,0.00241490,0.00076409,0.00103109,0.00128800,0.00263830,0.00078236,0.00105700,0.00098723,0.00086819,0.00070016,0.00056402,0.00058376,0.00058376,0.00058376,0.00164033,0.00262643,0.00257808,0.00220172,0.00422841,0.00171338,0.00138324,0.00075694,0.00078646,0.00017817,0.00052681,0.00086686,0.00060651,0.00323145,0.00312417,0.06684231,0.00390300,0.01686952,0.00374814,0.00202319,0.00046055,0.00085508,0.00165333,0.00187662,0.00122453,0.00158352,0.00096069,0.00234699,0.00058466,0.00193970,0.00140603,0.00217380,0.00196390,0.00175377,0.00306862,0.00067752,0.00000000
0.00461997,0.00134944,0.00078443,0.00006396,0.00079977,0.00100662,0.00154525,0.00121704,0.00697854,0.00778188,0.00385794,0.00307708,0.00721178,0.00919896,0.01161118,0.01064105,0.01126271,0.00481260,0.00474235,0.02734304,0.00225696,0.00345192,0.00850952,0.00004943,0.00862517,0.02262114,0.00440652,0.00116053,0.00025031,0.00103057,0.00025940,0.00252163,0.00143464,0.00411023,0.00071668,0.00054811,0.00142982,0.00265111,0.00248170,0.00418710,0.00864364,0.00107794,0.00072626,0.00454303,0.00598672,0.00612345,0.00162877,0.00105570,0.00274987,0.00109965,0.00073898,0.00059452,0.00332110,0.00129776,0.00279046,0.00206254,0.01685920,0.01474438,0.02797611,0.00771391,0.00202096,0.00368789,0.00457062,0.00345502,0.00125535,0.01628918,0.00677581,0.00677581,0.00677581,0.01830252,0.03879110,0.00917500,0.00833931,0.02221860,0.00827605,0.00594109,0.00136749,0.01798467,0.00102846,0.00226179,0.00805877,0.00214454,0.00310673,0.00395771,0.00863593,0.00336973,0.00825046,0.00462945,0.00621979,0.00943159,0.01979279,0.01004288,0.00342829,0.00044199,0.00542334,0.00341184,0.00153713,0.00284102,0.01061729,0.01254834,0.04609448,0.00970379,0.01832776,0.00206196,0.00596741,0.00000000
0.00392971,0.00024420,0.00025558,0.00008237,0.00015021,0.00016469,0.00034316,0.00161636,0.00617605,0.00210046,0.00077631,0.00142249,0.00435466,0.00934267,0.03514510,0.00206943,0.00104909,0.00150684,0.00095388,0.00923070,0.00020574,0.00043188,0.00238051,0.00015600,0.00084629,0.00167487,0.00026939,0.00149176,0.00108738,0.00371907,0.00191066,0.00064096,0.00494591,0.00326315,0.00037874,0.00016376,0.00033989,0.00633868,0.00444425,0.00081340,0.00027160,0.00275117,0.00135018,0.01396398,0.00382365,0.01230902,0.00056188,0.00008353,0.00058319,0.00068963,0.00010260,0.00007545,0.00018426,0.00355574,0.00019482,0.00030585,0.00452064,0.00491293,0.00386613,0.00052403,0.00306193,0.00158959,0.00026058,0.00111663,0.00012652,0.00102749,0.00063678,0.00063678,0.00063678,0.00877438,0.02069980,0.00081451,0.00412480,0.00944770,0.00291511,0.01148664,0.00093419,0.00184430,0.00002910,0.00030034,0.00040096,0.00208833,0.00154860,0.00069372,0.01349492,0.04593923,0.21004120,0.00015874,0.00431984,0.00082762,0.00172397,0.00009401,0.00024955,0.00907386,0.00283288,0.00321103,0.00240775,0.00118937,0.01598972,0.00380036,0.00075228,0.00518901,0.01329858,0.00085181,0.00199058,0.00000000
0.00919689,0.00003943,0.00004030,0.00001689,0.00000744,0.00002798,0.00001878,0.00003608,0.00005602,0.00004370,0.00005055,0.00003996,0.00003192,0.00003064,0.00003931,0.00003269,0.00003833,0.00004127,0.00004116,0.00003322,0.00003095,0.00004969,0.00003521,0.00000657,0.00003591,0.00002741,0.00003642,0.00003276,0.00003537,0.00003703,0.00002409,0.00002607,0.00002839,0.00003049,0.00005774,0.00002275,0.00003552,0.00002085,0.00003570,0.00003625,0.00003048,0.00003112,0.00002407,0.00002279,0.00003179,0.00003306,0.00001727,0.00001330,0.00002315,0.00000506,0.00000268,0.00000525,0.00000247,0.00001929,0.00003832,0.00002187,0.00000896,0.00001494,0.00001579,0.00004831,0.00001189,0.00001772,0.00003588,0.00001627,0.00000912,0.00002248,0.00003459,0.00003459,0.00003459,0.00002718,0.00004404,0.00001298,0.00001265,0.00000430,0.00000498,0.00000251,0.00000380,0.00001163,0.00000201,0.00004725,0.00001363,0.00000370,0.00000601,0.00001427,0.00008747,0.00001252,0.00001200,0.01320484,0.00001586,0.00000475,0.00000800,0.00000648,0.00001397,0.00000872,0.00003284,0.00001123,0.00001980,0.00000954,0.00000621,0.00001439,0.00001415,0.00001704,0.00001255,0.00001734,0.00001324,0.00000000
0.00908588,0.01001319,0.00248298,0.02454847,0.00486461,0.01717459,0.01363198,0.00248667,0.00365878,0.00480467,0.00350761,0.00227373,0.00344734,0.00242629,0.00385297,0.01413624,0.00456356,0.00179261,0.00159411,0.00195138,0.00596312,0.00451130,0.00221554,0.00041026,0.00025227,0.00197616,0.00146940,0.00267335,0.00229517,0.00435818,0.00582447,0.00275094,0.00688677,0.00456230,0.00724248,0.00192770,0.00513862,0.00157409,0.00218142,0.00176311,0.00116517,0.00642394,0.00107420,0.00571119,0.00382539,0.00194018,0.00246096,0.01146291,0.00758232,0.00066594,0.00110544,0.00479055,0.00381541,0.01399913,0.07075586,0.01352863,0.00521662,0.01213155,0.00429319,0.11369531,0.01326794,0.03114008,0.05651514,0.01613546,0.01541115,0.00217586,0.00316329,0.00316329,0.00316329,0.00133350,0.00481669,0.00514177,0.00033509,0.00253569,0.00064730,0.00073388,0.00107543,0.00907523,0.00380530,0.00234821,0.00272635,0.00136193,0.00644513,0.00812635,0.00094990,0.00159716,0.00490224,0.00178016,0.03193249,0.00266053,0.00340356,0.00445779,0.01094366,0.00384286,0.00016297,0.00541977,0.00445260,0.00285662,0.00433034,0.00403084,0.00621721,0.00080655,0.00216624,0.00389703,0.00302430,0.00000000
0.00393538,0.00130255,0.00302080,0.00007859,0.00695341,0.00258423,0.00835476,0.01129477,0.02063767,0.00968024,0.00286274,0.00365111,0.01762821,0.01261984,0.00451098,0.00423932,0.00452186,0.00382706,0.00169716,0.00476258,0.00311060,0.00353147,0.00579069,0.00111733,0.00797417,0.00548554,0.00189700,0.00127324,0.00411642,0.00877079,0.00332253,0.00573385,0.01357113,0.00258671,0.00124682,0.00424802,0.01185509,0.00349167,0.00509631,0.00809880,0.00549697,0.03894405,0.00384815,0.01700795,0.01025992,0.00768341,0.01361986,0.00306206,0.00482243,0.00225159,0.00049167,0.00693763,0.00587767,0.00847439,0.00767873,0.00772030,0.00309554,0.00988204,0.01173434,0.00677973,0.03138177,0.03963224,0.00105120,0.02268087,0.01775288,0.00970028,0.00412467,0.00412467,0.00412467,0.00597519,0.00237799,0.00458342,0.00449153,0.00484458,0.00562885,0.00327020,0.00293111,0.01757037,0.00003023,0.00437777,0.00966550,0.00895758,0.00072167,0.00595125,0.00404762,0.01550321,0.00728058,0.00169354,0.00260009,0.27651703,0.00636800,0.00974929,0.00901289,0.00607740,0.00499387,0.00734275,0.01908492,0.02023719,0.00200145,0.00995605,0.00233599,0.00527860,0.00582455,0.01412653,0.00760345,0.00000000
0.00011337,0.00014030,0.00015241,0.00004443,0.00003258,0.00009336,0.00007622,0.00014225,0.00021506,0.00016899,0.00022575,0.00015689,0.00012750,0.00012294,0.00015355,0.00011956,0.00014776,0.00016612,0.00016679,0.00013843,0.00011678,0.00020263,0.00014502,0.00002391,0.00014020,0.00010573,0.00014292,0.00012401,0.00013969,0.00013941,0.00009453,0.00011418,0.00010625,0.00011687,0.00021903,0.00009150,0.00014515,0.00009195,0.00014058,0.00014036,0.00111276,0.00013129,0.00126065,0.00009360,0.00013447,0.00013399,0.00006730,0.00004349,0.00059452,0.00007197,0.00001690,0.00002278,0.00001210,0.00007900,0.00013156,0.00007661,0.00014915,0.00008497,0.00024737,0.00056303,0.00018073,0.05559220,0.00362414,0.00123037,0.00003297,0.02235914,0.00048923,0.00048923,0.00048923,0.00013180,0.00074046,0.00054333,0.00018252,0.00004781,0.00339036,0.00002199,0.00392656,0.00115433,0.00000506,0.00020433,0.00014001,0.00039071,0.00282903,0.00008379,0.00028110,0.00011222,0.00008487,0.00007527,0.00004786,0.00073189,0.10002101,0.00002394,0.00005843,0.00006491,0.00128241,0.00047045,0.00040910,0.00006071,0.00003102,0.00008367,0.00010522,0.00011302,0.00007309,0.00008509,0.00008413,0.00000000
0.00001566,0.00001602,0.00001281,0.00001708,0.00001516,0.00001875,0.00006928,0.00001545,0.00002262,0.00001931,0.00003622,0.00001573,0.00001659,0.00001476,0.00001762,0.00002822,0.00002155,0.00001669,0.00001544,0.00002317,0.00001561,0.00002232,0.00001959,0.00000175,0.00001696,0.00001834,0.00001768,0.00001342,0.00001846,0.00001602,0.00002026,0.00002686,0.00001696,0.00003198,0.00002454,0.00001323,0.00002173,0.00002001,0.00001960,0.00001603,0.00002204,0.00003560,0.00002993,0.00002472,0.00001670,0.00001920,0.00001031,0.00001351,0.00002233,0.00001251,0.00002126,0.00001211,0.00025113,0.00415121,0.00006763,0.00378426,0.00003211,0.00003704,0.00005596,0.00015804,0.00002229,0.00002977,0.00075371,0.00016233,0.00061345,0.00003154,0.00003565,0.00003565,0.00003565,0.00002677,0.00088132,0.00007583,0.00025713,0.00229981,0.00639639,0.00008065,0.00029460,0.00006711,0.00005545,0.00089779,0.00005705,0.00003621,0.00005304,0.00003398,0.00097532,0.00002857,0.00059792,0.00002396,0.00003473,0.00001735,0.00002880,0.24802675,0.00002059,0.00039521,0.00273124,0.00193491,0.00195908,0.00239633,0.00642287,0.00850541,0.00006392,0.00190092,0.00003655,0.00052227,0.00002352,0.00000000
0.00007646,0.00009034,0.00008760,0.00005889,0.00003992,0.00007470,0.00041656,0.00009259,0.00013203,0.00010098,0.00021696,0.00009529,0.00008201,0.00007840,0.00008865,0.00009829,0.00009836,0.00011274,0.00009390,0.00012306,0.00008129,0.00022722,0.00015576,0.00001570,0.00008092,0.00009883,0.00009683,0.00007218,0.00011762,0.00008634,0.00007118,0.00026006,0.00007877,0.00021374,0.00013778,0.00006310,0.00014658,0.00007438,0.00013802,0.00009087,0.00009314,0.00010290,0.00007567,0.00007497,0.00016006,0.00008648,0.00004376,0.00004124,0.00211422,0.00169859,0.00145379,0.00003944,0.00003293,0.00669025,0.00501500,0.00216941,0.00018380,0.00655703,0.00050531,0.00028674,0.00167037,0.00011071,0.00852658,0.00538412,0.00079291,0.01931574,0.00525768,0.00525768,0.00525768,0.00020066,0.00317370,0.00031393,0.00698876,0.00791837,0.00386025,0.00199703,0.00163274,0.02833282,0.01322243,0.01114958,0.00976087,0.00013605,0.01097214,0.00253187,0.00356120,0.00045986,0.00458247,0.00158124,0.00293832,0.00015163,0.00031413,0.01582494,0.25799133,0.00128581,0.00358692,0.00708753,0.00576034,0.00730392,0.00473684,0.04456071,0.03196945,0.02335926,0.02733289,0.00400237,0.00223752,0.00000000
0.00142691,0.00150744,0.00161378,0.00041067,0.00052300,0.00097117,0.04745006,0.00161583,0.00258706,0.00197112,0.00218661,0.00169345,0.00157641,0.00163447,0.00264948,0.00153730,0.00181852,0.00182418,0.00198739,0.00207898,0.00124676,0.00196929,0.00161472,0.00027991,0.00168512,0.00176796,0.00157909,0.00136163,0.00286606,0.00159771,0.00107531,0.01365516,0.00134668,0.02102282,0.00229768,0.00097289,0.00149546,0.00111897,0.00712486,0.00302807,0.00406922,0.00165418,0.00125095,0.00153226,0.00143178,0.00184302,0.00082151,0.00046430,0.00109395,0.00463189,0.00179944,0.00031314,0.00020974,0.00512569,0.00626243,0.00130686,0.00080144,0.00098046,0.00144624,0.00222126,0.00519346,0.00069004,0.00220183,0.01099038,0.00108393,0.00290597,0.00268317,0.00268317,0.00268317,0.00172311,0.00245137,0.00137899,0.00217064,0.00190739,0.00080380,0.00201777,0.00066307,0.00308568,0.00013230,0.00156595,0.00395577,0.00563700,0.00108065,0.00109862,0.00209139,0.00341091,0.00540364,0.00476793,0.00058109,0.00319410,0.00877265,0.00048278,0.00283649,0.04770664,0.00234154,0.00503020,0.00478217,0.00514733,0.00884435,0.00767933,0.00809607,0.00114628,0.00755074,0.00082901,0.00383705,0.00000000
0.00037836,0.00134911,0.00001725,0.01000000,0.00012076,0.00017011,0.00025598,0.00023210,0.00133052,0.00241389,0.00024726,0.00156207,0.00078436,0.00074911,0.00091727,0.00268202,0.00106940,0.00203343,0.00150227,0.00599028,0.00003995,0.00103253,0.00007314,0.00028373,0.00403359,0.00181981,0.00429198,0.00005707,0.00007928,0.00423029,0.00100469,0.00090476,0.00028463,0.00076052,0.00085910,0.00251331,0.00148615,0.00050299,0.00070011,0.00123548,0.00096181,0.00096186,0.00134464,0.00226904,0.00170217,0.00173563,0.00063071,0.00026553,0.00058563,0.00019867,0.00011637,0.00378130,0.00009493,0.00328410,0.00006887,0.00474756,0.00076663,0.00074348,0.00347303,0.01368203,0.04689703,0.00149815,0.00309948,0.00082894,0.00494926,0.00074660,0.00092772,0.00092772,0.00092772,0.00065915,0.00048003,0.00065183,0.00208843,0.00072152,0.00088768,0.00030056,0.00083195,0.00050373,0.00004613,0.04956760,0.00045320,0.00036824,0.00365782,0.06636103,0.00729777,0.00010622,0.00066642,0.00016935,0.00021028,0.00118590,0.00011926,0.00038562,0.00100272,0.00159662,0.00025990,0.00008995,0.00098041,0.00010698,0.00055840,0.00059203,0.00122839,0.00045094,0.00071934,0.00037037,0.00020598,0.00000000
0.00015589,0.00010958,0.00008231,0.00013739,0.00029651,0.00018141,0.00068966,0.00014239,0.00022910,0.00099307,0.00056663,0.00014345,0.00020741,0.00016703,0.00024248,0.00089987,0.00026998,0.00157990,0.00100167,0.00035235,0.00015520,0.00017668,0.00020139,0.00000730,0.00024715,0.00012435,0.00024003,0.00014988,0.00021066,0.00016543,0.00239774,0.00062379,0.00022003,0.00103027,0.00024954,0.00133273,0.00044842,0.00151849,0.00034785,0.00017710,0.00033711,0.00071255,0.00105434,0.00049481,0.00016445,0.00034060,0.00015056,0.00017949,0.00036021,0.00015446,0.00020152,0.00060010,0.00057766,0.00114114,0.00060376,0.00034452,0.00048186,0.00055007,0.00098062,0.00110229,0.00046611,0.00063644,0.00306358,0.00149551,0.00073993,0.00396222,0.00100700,0.00100700,0.00100700,0.00040762,0.00084553,0.00359006,0.00968015,0.00125076,0.00729002,0.00323136,0.00308567,0.00119849,0.00003417,0.00150789,0.00699956,0.00919554,0.00519353,0.00239704,0.03264243,0.00405569,0.00512994,0.00405642,0.00041376,0.00385191,0.01281104,0.00260272,0.00029471,0.00273578,0.03049906,0.07384484,0.00168529,0.01039553,0.00037105,0.00053592,0.00066754,0.00048862,0.00064252,0.00137543,0.00103533,0.00000000
0.00023832,0.00027771,0.00030255,0.00006534,0.00032401,0.00018853,0.00026710,0.00028440,0.00045027,0.00036126,0.00037842,0.00031593,0.00027150,0.00025147,0.00033402,0.00091772,0.00033841,0.00033037,0.00032847,0.00032648,0.00023901,0.00038608,0.00030016,0.00004753,0.00033156,0.00022280,0.00032897,0.00027156,0.00030533,0.00029645,0.00101966,0.00029234,0.00023888,0.00094341,0.00046464,0.00035893,0.00059749,0.00233368,0.00064539,0.00030729,0.00031523,0.00040625,0.00036150,0.00028687,0.00025637,0.00030814,0.00015828,0.00010437,0.00024355,0.00007610,0.00007113,0.00075005,0.00006871,0.00059794,0.00015220,0.00017787,0.00017276,0.00020500,0.00028025,0.00018785,0.00009966,0.00010771,0.00016513,0.00018485,0.00012492,0.00023114,0.00029690,0.00029690,0.00029690,0.00029888,0.00018014,0.00028074,0.00131521,0.00038841,0.00042354,0.00139986,0.00043603,0.00037842,0.00000560,0.00017882,0.00032127,0.00019597,0.00027542,0.00022952,0.00416118,0.00013735,0.00024358,0.00020928,0.00010523,0.00011625,0.00010301,0.00005233,0.00013634,0.00017560,0.00134431,0.00011505,0.01499063,0.00012931,0.00008886,0.00020843,0.00023907,0.00019375,0.00023890,0.00011709,0.00012134,0.00000000
0.00009194,0.00010542,0.00009419,0.00010580,0.00008245,0.00011203,0.00017264,0.00012554,0.00016263,0.00011692,0.00049176,0.00012201,0.00011578,0.00011193,0.00010128,0.00014119,0.00011128,0.00009145,0.00010295,0.00012706,0.00012080,0.00013141,0.00009604,0.00001370,0.00009326,0.00007253,0.00009462,0.00007796,0.00010642,0.00010732,0.00010276,0.00009512,0.00010686,0.00009802,0.00014308,0.00006924,0.00011873,0.00014513,0.00009320,0.00008762,0.00009705,0.00018326,0.00012817,0.00011606,0.00009445,0.00009636,0.00006113,0.00007356,0.00010775,0.00003584,0.00004645,0.00005718,0.00004838,0.00011434,0.00036088,0.00016557,0.00012128,0.00016429,0.00022689,0.00065006,0.00009693,0.00016774,0.00036946,0.00018271,0.00011616,0.00020617,0.00031920,0.00031920,0.00031920,0.00012678,0.00014900,0.00017873,0.00064986,0.00019536,0.00012394,0.00008139,0.00017491,0.00027156,0.00002510,0.00021531,0.00025523,0.00012233,0.00018610,0.00016179,0.00015212,0.00016007,0.00019789,0.00009227,0.00016954,0.00009442,0.00010543,0.00004981,0.00011583,0.00013995,0.00017881,0.00016535,0.00758131,0.13449228,0.00010428,0.00025237,0.00020945,0.00027182,0.00024048,0.00011196,0.00010309,0.00000000
0.00006960,0.00003608,0.00004179,0.00002178,0.00002199,0.00002938,0.00019497,0.00005158,0.00011480,0.00006862,0.00008826,0.00005218,0.00007834,0.00012582,0.00037663,0.00006182,0.00005315,0.00005512,0.00005122,0.00014178,0.00003391,0.00005360,0.00006215,0.00000873,0.00004635,0.00005818,0.00003817,0.00004277,0.00004911,0.00006942,0.00004693,0.00007653,0.00008308,0.00012505,0.00005499,0.00002492,0.00004264,0.00009238,0.00009676,0.00004816,0.00004672,0.00007137,0.00005139,0.00017622,0.00007148,0.00015435,0.00002422,0.00001658,0.00003769,0.00003101,0.00002015,0.00001806,0.00001225,0.00081693,0.00008866,0.00004406,0.00008063,0.00009061,0.00010804,0.00010051,0.00006594,0.00004677,0.00007006,0.00008532,0.00002598,0.00006800,0.00007348,0.00007348,0.00007348,0.01444967,0.01997701,0.00006912,0.00016004,0.00015626,0.00021567,0.00013047,0.00004039,0.00008798,0.00000768,0.00005856,0.00007239,0.00006164,0.00005458,0.00008979,0.00016723,0.00048156,0.00204294,0.00004003,0.00007352,0.00005473,0.00007829,0.00001628,0.00003082,0.00161365,0.00087558,0.00043759,0.00020180,0.00103939,0.15453177,0.00010735,0.00010473,0.01415090,0.00020214,0.00003417,0.00007366,0.00000000
0.00001595,0.00001539,0.00001888,0.00000838,0.00000777,0.00001250,0.00001781,0.00002129,0.00002852,0.00002878,0.00002472,0.00002420,0.00002427,0.00002493,0.00004230,0.00001949,0.00002259,0.00003292,0.00003695,0.00002508,0.00001335,0.00002215,0.00001771,0.00000217,0.00001805,0.00001577,0.00001825,0.00001671,0.00001725,0.00001750,0.00001576,0.00001312,0.00001659,0.00001780,0.00003075,0.00001574,0.00002180,0.00001867,0.00002197,0.00002096,0.00002396,0.00002807,0.00002356,0.00002530,0.00002177,0.00003229,0.00001049,0.00000683,0.00001738,0.00000554,0.00000466,0.00000607,0.00000523,0.00030513,0.00001656,0.00002057,0.00001631,0.00001659,0.00002049,0.00002058,0.00000915,0.00000985,0.00001392,0.00001408,0.00000888,0.00001652,0.00002204,0.00002204,0.00002204,0.00002826,0.00019260,0.00001829,0.00008107,0.00002755,0.00001267,0.00003626,0.00002334,0.00002518,0.00000182,0.00006229,0.00002072,0.00001286,0.00001832,0.00001538,0.00003691,0.00003012,0.00010919,0.00001309,0.00001174,0.00000589,0.00000753,0.00000383,0.00001056,0.00001547,0.00037832,0.00019932,0.00025692,0.00023846,0.00076897,0.03672460,0.00001618,0.00232178,0.00002165,0.00000910,0.00001068,0.00000000
0.00003981,0.00001970,0.00001888,0.00001204,0.00009921,0.00003647,0.00020783,0.00004065,0.00007163,0.00006782,0.00005682,0.00003810,0.00006685,0.00005263,0.00007512,0.00011623,0.00008412,0.00004376,0.00003865,0.00011143,0.00003781,0.00004520,0.00007119,0.00000247,0.00008487,0.00003476,0.00007832,0.00004645,0.00006542,0.00004891,0.00011229,0.00004954,0.00007189,0.00006869,0.00007075,0.00006643,0.00009396,0.00011139,0.00005217,0.00005795,0.00011823,0.00026109,0.00022731,0.00017414,0.00004849,0.00009013,0.00005314,0.00004675,0.00011940,0.00005499,0.00009461,0.00008265,0.00008144,0.00006363,0.00009405,0.00013956,0.00018859,0.00018844,0.00028917,0.00019496,0.00007937,0.00009750,0.00009019,0.00016585,0.00015071,0.00028273,0.00009148,0.00009148,0.00009148,0.00013377,0.00010683,0.00043012,0.00151131,0.00057596,0.00205915,0.00010135,0.00042491,0.00045135,0.00001146,0.00016971,0.00030339,0.00024275,0.00031865,0.00019266,0.00027905,0.00009893,0.00029474,0.00013204,0.00011057,0.00020985,0.00008234,0.00003674,0.00008736,0.00019845,0.00013795,0.00007565,0.00010371,0.00010329,0.00008773,0.00016167,0.05811612,0.00049065,0.00020798,0.00001725,0.00007155,0.00000000
0.00041753,0.00020113,0.00021094,0.00007658,0.00010055,0.00016229,0.00032373,0.00027477,0.00069969,0.00075299,0.00045628,0.00040379,0.00069620,0.00081661,0.00105578,0.00187940,0.00089545,0.00060526,0.00064465,0.00193502,0.00024655,0.00039078,0.00067770,0.00001936,0.00068801,0.00158582,0.00040550,0.00019426,0.00014244,0.00020438,0.00011174,0.00029548,0.00022893,0.00044301,0.00028189,0.00015884,0.00027081,0.00029418,0.00035009,0.00045013,0.00074671,0.00030235,0.00017494,0.00047155,0.00057919,0.00065250,0.00020595,0.00011588,0.00029221,0.00010909,0.00005550,0.00022367,0.00024092,0.00081743,0.00032816,0.00023366,0.00117558,0.00104695,0.00190842,0.00063649,0.00026828,0.00038583,0.00039380,0.00036809,0.00015542,0.00119893,0.00061606,0.00061606,0.00061606,0.00141203,0.00571822,0.00064489,0.00070430,0.00149055,0.00094365,0.00073622,0.00021990,0.00128231,0.00007870,0.00022589,0.00066115,0.00019863,0.00023523,0.00034261,0.00207674,0.00041648,0.00109779,0.00037618,0.00047069,0.00127558,0.00414607,0.00104101,0.00043894,0.00023031,0.00090332,0.00064750,0.00025668,0.00074184,0.00155911,0.00712539,0.00911178,0.03208204,0.00149435,0.00024146,0.00049160,0.00000000
0.00003784,0.00137245,0.00003846,0.00002826,0.00003106,0.00003926,0.00006825,0.00004198,0.00006344,0.00005212,0.00008829,0.00004449,0.00004288,0.00003853,0.00004776,0.00005891,0.00005160,0.00004364,0.00004340,0.00005505,0.00003937,0.00005910,0.00004680,0.00000556,0.00029248,0.00003095,0.00004800,0.00003737,0.00004622,0.00004320,0.00004732,0.00007636,0.00004065,0.00004239,0.00006618,0.00017693,0.00019383,0.00030497,0.00010031,0.00004211,0.00004988,0.00008166,0.00006941,0.00005657,0.00004223,0.00004633,0.00002594,0.00002663,0.00004841,0.00001656,0.00001965,0.00017114,0.00002034,0.00014034,0.00010651,0.00003995,0.00005266,0.00006866,0.00012063,0.00015314,0.00003480,0.00005041,0.00021475,0.00033975,0.00004384,0.00007375,0.00008061,0.00008061,0.00008061,0.00059674,0.00324063,0.00008311,0.00035242,0.00015422,0.00180541,0.00029923,0.00031205,0.00012948,0.00000998,0.00008241,0.00011311,0.00007924,0.00008463,0.00006801,0.00006540,0.00230651,0.00346266,0.00004730,0.00005466,0.00438813,0.00003896,0.00218285,0.00060520,0.00144007,0.00110169,0.00194182,0.00005404,0.00247146,0.00029265,0.00152199,0.00137380,0.00228355,0.06213390,0.00003149,0.00003853,0.00000000
0.00012573,0.00014938,0.00016184,0.00004506,0.00005217,0.00009949,0.00016778,0.00014964,0.00023535,0.00018679,0.00020079,0.00016605,0.00013952,0.00013052,0.00017194,0.00014625,0.00017174,0.00017214,0.00017322,0.00016234,0.00012576,0.00019621,0.00015341,0.00002568,0.00016764,0.00011609,0.00016595,0.00014093,0.00015645,0.00015488,0.00012183,0.00011937,0.00012204,0.00015725,0.00024117,0.00010731,0.00015664,0.00011506,0.00015855,0.00016021,0.00015730,0.00018837,0.00017919,0.00013305,0.00012799,0.00019863,0.00008217,0.00008531,0.00011966,0.00003879,0.00003023,0.00003665,0.00002757,0.00072957,0.00007870,0.00008934,0.00006535,0.00007946,0.00009657,0.00009245,0.00004899,0.00005224,0.00011276,0.00012309,0.00005346,0.00009843,0.00016000,0.00016000,0.00016000,0.00013713,0.00010594,0.00010452,0.00049624,0.00014915,0.00061860,0.00003150,0.00017380,0.00014117,0.00005894,0.00004837,0.00011055,0.00007883,0.00010565,0.00009101,0.00032569,0.00004467,0.00009875,0.00009868,0.00008585,0.00003060,0.00004264,0.00002622,0.00006565,0.00011497,0.00352274,0.00034764,0.00299589,0.00149529,0.00004839,0.00149310,0.00009748,0.00079859,0.00011000,0.04853094,0.00013988,0.00000000
0.00022487,0.00027921,0.01067572,0.00009322,0.00005195,0.00017992,0.00015780,0.00027913,0.00041675,0.00034133,0.00036472,0.00031174,0.00025279,0.00024358,0.00031250,0.00022351,0.00028944,0.00034703,0.00035765,0.00025607,0.00021940,0.00037088,0.00026445,0.00005096,0.00026935,0.00020994,0.00027267,0.00024756,0.00026348,0.00026803,0.00017310,0.00020642,0.00021164,0.00046117,0.00043423,0.00032147,0.00037045,0.00052798,0.00027832,0.00028153,0.00024968,0.00025222,0.00019065,0.00017599,0.00025143,0.00027398,0.00013073,0.00007910,0.00017984,0.00005419,0.00002914,0.00004234,0.00002810,0.00020063,0.00017347,0.00033102,0.00007760,0.00011095,0.00014046,0.00014411,0.00007375,0.00007752,0.00016916,0.00011846,0.00004413,0.00018243,0.00165937,0.00165937,0.00165937,0.00064295,0.01579455,0.00010652,0.00013891,0.00003969,0.00160010,0.00012894,0.00022363,0.00010091,0.00003403,0.00019895,0.00012534,0.00003518,0.00005297,0.00010977,0.00042765,0.00066813,0.00010196,0.00022906,0.00015029,0.00079618,0.00006890,0.00004126,0.00009940,0.00009719,0.00236064,0.00010044,0.00279239,0.00081675,0.00004580,0.00011716,0.00011459,0.00013829,0.00009712,0.00013059,0.02669969,0.00000000
0.00000000,0.00000000,0.00000000,0.00000000,0.00000000,0.00000000,0.00000000,0.00000000,0.00000000,0.00000000,0.00000000,0.00000000,0.00000000,0.00000000,0.00000000,0.00000000,0.00000000,0.00000000,0.00000000,0.00000000,0.00000000,0.00000000,0.00000000,0.00000000,0.00000000,0.00000000,0.00000000,0.00000000,0.00000000,0.00000000,0.00000000,0.00000000,0.00000000,0.00000000,0.00000000,0.00000000,0.00000000,0.00000000,0.00000000,0.00000000,0.00000000,0.00000000,0.00000000,0.00000000,0.00000000,0.00000000,0.00000000,0.00000000,0.00000000,0.00000000,0.00000000,0.00000000,0.00000000,0.00000000,0.00000000,0.00000000,0.00000000,0.00000000,0.00000000,0.00000000,0.00000000,0.00000000,0.00000000,0.00000000,0.00000000,0.00000000,0.00000000,0.00000000,0.00000000,0.00000000,0.00000000,0.00000000,0.00000000,0.00000000,0.00000000,0.00000000,0.00000000,0.00000000,0.00000000,0.00000000,0.00000000,0.00000000,0.00000000,0.00000000,0.00000000,0.00000000,0.00000000,0.00000000,0.00000000,0.00000000,0.00000000,0.00000000,0.00000000,0.00000000,0.00000000,0.00000000,0.00000000,0.00000000,0.00000000,0.00000000,0.00000000,0.00000000,0.00000000,0.00000000,0.00000000,0.00000000
